event_num,timestamp,sim_time,pod_name,source_node,source_region,target_node,target_region,intensity_before,intensity_after
1,2026-03-26T20:23:13Z,1609502400,carbon-pod-1,kind-worker,NE,kind-worker2,TEN,182.3,198.1
2,2026-03-26T20:27:44Z,1609527600,carbon-pod-2,kind-worker2,TEN,kind-worker,NE,192.6,207.7
3,2026-03-26T20:29:11Z,1609538400,carbon-pod-3,kind-worker,NE,kind-worker2,TEN,218.3,199.9
4,2026-03-26T20:29:36Z,1609538400,carbon-pod-4,kind-worker2,TEN,kind-worker,NE,199.9,218.3
5,2026-03-26T20:57:09Z,1609700400,carbon-pod-5,kind-worker,NE,kind-worker3,CENT,226.3,373.9
6,2026-03-26T20:59:13Z,1609711200,carbon-pod-6,kind-worker3,CENT,kind-worker,NE,375.2,218.8
7,2026-03-26T21:02:06Z,1609729200,carbon-pod-7,kind-worker,NE,kind-worker2,TEN,198.0,241.5
8,2026-03-26T21:02:44Z,1609732800,carbon-pod-8,kind-worker2,TEN,kind-worker,NE,234.0,184.0
9,2026-03-26T21:09:06Z,1609768800,carbon-pod-9,kind-worker,NE,kind-worker3,CENT,230.0,204.6
10,2026-03-26T21:15:42Z,1609808400,carbon-pod-10,kind-worker3,CENT,kind-worker,NE,354.7,221.4
11,2026-03-26T22:40:16Z,1610301600,carbon-pod-11,kind-worker,NE,kind-worker3,CENT,169.6,382.5
12,2026-03-26T22:41:06Z,1610308800,carbon-pod-12,kind-worker3,CENT,kind-worker,NE,382.3,190.8
13,2026-03-26T22:45:12Z,1610330400,carbon-pod-13,kind-worker,NE,kind-worker3,CENT,199.3,357.8
14,2026-03-26T22:46:39Z,1610341200,carbon-pod-14,kind-worker3,CENT,kind-worker,NE,355.7,166.8
15,2026-03-26T22:53:13Z,1610377200,carbon-pod-15,kind-worker,NE,kind-worker3,CENT,211.5,318.7
16,2026-03-26T23:05:46Z,1610452800,carbon-pod-16,kind-worker3,CENT,kind-worker,NE,304.1,209.0
17,2026-03-26T23:08:41Z,1610467200,carbon-pod-17,kind-worker,NE,kind-worker3,CENT,200.1,345.0
18,2026-03-26T23:10:07Z,1610478000,carbon-pod-18,kind-worker3,CENT,kind-worker,NE,352.0,205.1
