sim_time,sim_datetime,region,intensity_gco2kwh,cumulative_carbon_gco2,migrations_so_far,active_pod
1609459200,2021-01-01 00:00,NE,195.1,195.1,0,carbon-pod
1609462800,2021-01-01 01:00,NE,190.7,385.8,0,carbon-pod
1609466400,2021-01-01 02:00,NE,180.7,566.4,0,carbon-pod
1609470000,2021-01-01 03:00,NE,166.8,733.3,0,carbon-pod
1609473600,2021-01-01 04:00,NE,171.4,904.7,0,carbon-pod
1609477200,2021-01-01 05:00,NE,167.8,1072.4,0,carbon-pod
1609480800,2021-01-01 06:00,NE,172.7,1245.1,0,carbon-pod
1609484400,2021-01-01 07:00,NE,169.6,1414.7,0,carbon-pod
1609488000,2021-01-01 08:00,NE,172.4,1587.2,0,carbon-pod
1609491600,2021-01-01 09:00,NE,173.9,1761.0,0,carbon-pod
1609495200,2021-01-01 10:00,NE,175.3,1936.4,0,carbon-pod
1609498800,2021-01-01 11:00,NE,184.0,2120.4,0,carbon-pod
1609502400,2021-01-01 12:00,NE,182.3,2302.7,0,carbon-pod
1609506000,2021-01-01 13:00,NE,181.5,2484.2,0,carbon-pod
1609509600,2021-01-01 14:00,NE,181.4,2665.6,0,carbon-pod
1609513200,2021-01-01 15:00,NE,181.2,2846.8,0,carbon-pod
1609516800,2021-01-01 16:00,NE,187.1,3034.0,0,carbon-pod
1609520400,2021-01-01 17:00,TEN,186.5,3220.4,1,carbon-pod-1
1609524000,2021-01-01 18:00,TEN,182.7,3403.1,1,carbon-pod-1
1609527600,2021-01-01 19:00,TEN,192.6,3595.7,1,carbon-pod-1
1609531200,2021-01-01 20:00,TEN,190.1,3785.8,1,carbon-pod-1
1609534800,2021-01-01 21:00,TEN,189.6,3975.4,1,carbon-pod-1
1609538400,2021-01-01 22:00,TEN,199.9,4175.3,1,carbon-pod-1
1609542000,2021-01-01 23:00,TEN,199.9,4375.3,1,carbon-pod-1
1609545600,2021-01-02 00:00,TEN,199.2,4574.4,1,carbon-pod-1
1609549200,2021-01-02 01:00,TEN,204.4,4778.9,1,carbon-pod-1
1609552800,2021-01-02 02:00,NE,201.0,4979.9,2,carbon-pod-2
1609556400,2021-01-02 03:00,NE,186.9,5166.8,2,carbon-pod-2
1609560000,2021-01-02 04:00,NE,181.9,5348.7,2,carbon-pod-2
1609563600,2021-01-02 05:00,TEN,175.3,5524.0,3,carbon-pod-3
1609567200,2021-01-02 06:00,NE,173.2,5697.3,4,carbon-pod-4
1609570800,2021-01-02 07:00,NE,172.6,5869.9,4,carbon-pod-4
1609574400,2021-01-02 08:00,NE,165.2,6035.0,4,carbon-pod-4
1609578000,2021-01-02 09:00,NE,160.0,6195.1,4,carbon-pod-4
1609581600,2021-01-02 10:00,NE,162.9,6358.0,4,carbon-pod-4
1609585200,2021-01-02 11:00,NE,171.5,6529.5,4,carbon-pod-4
1609588800,2021-01-02 12:00,NE,180.2,6709.7,4,carbon-pod-4
1609592400,2021-01-02 13:00,NE,189.3,6899.0,4,carbon-pod-4
1609596000,2021-01-02 14:00,NE,195.6,7094.6,4,carbon-pod-4
1609599600,2021-01-02 15:00,NE,196.4,7291.0,4,carbon-pod-4
1609603200,2021-01-02 16:00,NE,192.9,7483.9,4,carbon-pod-4
1609606800,2021-01-02 17:00,NE,185.4,7669.2,4,carbon-pod-4
1609610400,2021-01-02 18:00,NE,189.9,7859.1,4,carbon-pod-4
1609614000,2021-01-02 19:00,NE,196.9,8056.0,4,carbon-pod-4
1609617600,2021-01-02 20:00,NE,198.7,8254.7,4,carbon-pod-4
1609621200,2021-01-02 21:00,NE,195.9,8450.6,4,carbon-pod-4
1609624800,2021-01-02 22:00,NE,194.3,8644.9,4,carbon-pod-4
1609628400,2021-01-02 23:00,NE,195.9,8840.8,4,carbon-pod-4
