run_id,migration_num,workload,source_region,target_region,repetition,checkpoint_ms,transfer_ms,restore_ms,total_ms,success,timestamp_utc
20260420_000557,1,sysbench_cpu,NE,TEN,1,684.02,715.81,365.31,1765.1399999999999,success,2026-04-20T00:06:18.792441+00:00
20260420_000557,2,sysbench_cpu,NE,TEN,2,619.75,654.2,358.82,1632.77,success,2026-04-20T00:06:40.729159+00:00
20260420_000557,3,sysbench_cpu,NE,TEN,3,616.49,622.03,366.18,1604.7,success,2026-04-20T00:07:02.622518+00:00
20260420_000557,4,sysbench_cpu,NE,CENT,1,612.56,633.18,347.94,1593.6799999999998,success,2026-04-20T00:07:23.688330+00:00
20260420_000557,5,sysbench_cpu,NE,CENT,2,680.15,640.96,372.62,1693.73,success,2026-04-20T00:07:44.862969+00:00
20260420_000557,6,sysbench_cpu,NE,CENT,3,616.65,638.66,389.93,1645.24,success,2026-04-20T00:08:05.841367+00:00
20260420_000557,7,sysbench_cpu,TEN,NE,1,609.51,640.52,365.2,1615.23,success,2026-04-20T00:08:26.480954+00:00
20260420_000557,8,sysbench_cpu,TEN,NE,2,625.67,660.19,363.9,1649.76,success,2026-04-20T00:08:48.515165+00:00
20260420_000557,9,sysbench_cpu,TEN,NE,3,636.75,654.79,397.29,1688.83,success,2026-04-20T00:09:09.536821+00:00
20260420_000557,10,sysbench_cpu,TEN,CENT,1,612.45,687.82,374.87,1675.14,success,2026-04-20T00:09:30.273154+00:00
20260420_000557,11,sysbench_cpu,TEN,CENT,2,620.59,649.87,384.18,1654.64,success,2026-04-20T00:09:51.023243+00:00
20260420_000557,12,sysbench_cpu,TEN,CENT,3,647.49,624.26,372.07,1643.82,success,2026-04-20T00:10:12.047492+00:00
20260420_000557,13,sysbench_cpu,CENT,NE,1,792.86,729.78,410.25,1932.8899999999999,success,2026-04-20T00:10:34.072614+00:00
20260420_000557,14,sysbench_cpu,CENT,NE,2,606.41,642.29,360.98,1609.6799999999998,success,2026-04-20T00:10:54.723280+00:00
20260420_000557,15,sysbench_cpu,CENT,NE,3,595.07,609.4,496.88,1701.35,success,2026-04-20T00:11:15.931782+00:00
20260420_000557,16,sysbench_cpu,CENT,TEN,1,660.31,626.26,397.67,1684.24,success,2026-04-20T00:11:37.191464+00:00
20260420_000557,17,sysbench_cpu,CENT,TEN,2,674.28,690.92,345.18,1710.3799999999999,success,2026-04-20T00:11:58.531813+00:00
20260420_000557,18,sysbench_cpu,CENT,TEN,3,625.05,663.77,344.29,1633.11,success,2026-04-20T00:12:19.333911+00:00
20260420_000557,19,sysbench_memory,NE,TEN,1,,,,,failed,2026-04-20T00:12:38.164726+00:00
20260420_000557,20,sysbench_memory,NE,TEN,2,739.48,701.94,551.71,1993.13,success,2026-04-20T00:13:00.098572+00:00
20260420_000557,21,sysbench_memory,NE,TEN,3,731.95,703.14,422.77,1857.8600000000001,success,2026-04-20T00:13:22.929969+00:00
20260420_000557,22,sysbench_memory,NE,CENT,1,706.38,756.6,549.85,2012.83,success,2026-04-20T00:13:46.073147+00:00
20260420_000557,23,sysbench_memory,NE,CENT,2,704.95,725.92,427.69,1858.56,success,2026-04-20T00:14:08.862103+00:00
20260420_000557,24,sysbench_memory,NE,CENT,3,1147.47,769.28,517.71,2434.46,success,2026-04-20T00:14:32.716027+00:00
20260420_000557,25,sysbench_memory,TEN,NE,1,685.91,754.44,522.94,1963.29,success,2026-04-20T00:14:54.914903+00:00
20260420_000557,26,sysbench_memory,TEN,NE,2,760.61,885.59,434.32,2080.52,success,2026-04-20T00:15:19.432880+00:00
20260420_000557,27,sysbench_memory,TEN,NE,3,753.09,800.66,473.97,2027.72,success,2026-04-20T00:15:42.451807+00:00
20260420_000557,28,sysbench_memory,TEN,CENT,1,799.06,739.65,612.64,2151.35,success,2026-04-20T00:16:05.861491+00:00
20260420_000557,29,sysbench_memory,TEN,CENT,2,703.48,756.01,424.79,1884.28,success,2026-04-20T00:16:28.592467+00:00
20260420_000557,30,sysbench_memory,TEN,CENT,3,759.44,941.66,580.0,2281.1,success,2026-04-20T00:16:52.614973+00:00
20260420_000557,31,sysbench_memory,CENT,NE,1,800.05,888.06,685.16,2373.27,success,2026-04-20T00:17:16.225848+00:00
20260420_000557,32,sysbench_memory,CENT,NE,2,1021.14,991.01,745.91,2758.06,success,2026-04-20T00:17:42.047070+00:00
20260420_000557,33,sysbench_memory,CENT,NE,3,1222.14,1122.81,649.15,2994.1,success,2026-04-20T00:18:09.688828+00:00
20260420_000557,34,sysbench_memory,CENT,TEN,1,1347.54,1078.25,817.94,3243.73,success,2026-04-20T00:18:39.407758+00:00
20260420_000557,35,sysbench_memory,CENT,TEN,2,1334.16,1279.96,640.04,3254.16,success,2026-04-20T00:19:09.612784+00:00
20260420_000557,36,sysbench_memory,CENT,TEN,3,1474.18,1439.8,739.59,3653.57,success,2026-04-20T00:19:40.299476+00:00
20260420_000557,37,memcount,NE,TEN,1,,,,,failed,2026-04-20T00:20:10.180299+00:00
20260420_000557,38,memcount,NE,TEN,2,,,,,failed,2026-04-20T00:20:35.875957+00:00
20260420_000557,39,memcount,NE,TEN,3,,,,,failed,2026-04-20T00:20:58.835514+00:00
20260420_000557,40,memcount,NE,CENT,1,,,,,failed,2026-04-20T00:21:36.539947+00:00
20260420_000557,41,memcount,NE,CENT,2,,,,,failed,2026-04-20T00:21:56.966436+00:00
20260420_000557,42,memcount,NE,CENT,3,,,,,failed,2026-04-20T00:22:15.741373+00:00
20260420_000557,43,memcount,TEN,NE,1,,,,,failed,2026-04-20T00:22:36.098663+00:00
20260420_000557,44,memcount,TEN,NE,2,,,,,failed,2026-04-20T00:22:54.943992+00:00
20260420_000557,45,memcount,TEN,NE,3,,,,,failed,2026-04-20T00:23:12.912836+00:00
20260420_000557,46,memcount,TEN,CENT,1,,,,,failed,2026-04-20T00:23:33.173315+00:00
20260420_000557,47,memcount,TEN,CENT,2,,,,,failed,2026-04-20T00:23:50.904319+00:00
20260420_000557,48,memcount,TEN,CENT,3,,,,,failed,2026-04-20T00:24:07.945256+00:00
20260420_000557,49,memcount,CENT,NE,1,,,,,failed,2026-04-20T00:24:25.039533+00:00
20260420_000557,50,memcount,CENT,NE,2,,,,,failed,2026-04-20T00:24:43.251554+00:00
20260420_000557,51,memcount,CENT,NE,3,,,,,failed,2026-04-20T00:25:01.209077+00:00
20260420_000557,52,memcount,CENT,TEN,1,,,,,failed,2026-04-20T00:25:18.260835+00:00
20260420_000557,53,memcount,CENT,TEN,2,,,,,failed,2026-04-20T00:25:36.346415+00:00
20260420_000557,54,memcount,CENT,TEN,3,,,,,failed,2026-04-20T00:25:52.993274+00:00
