overhead_min,start_ts,source_grid_chosen,policy,total_carbon_kgco2eq,migration_count,dest_grids_visited
0,1577836800,ISNE,1,48.2,0,
0,1579154400,ISNE,1,53.59,0,
0,1580472000,ISNE,1,56.508,0,
0,1581789600,PGE,1,36.054,0,
0,1583107200,PGE,1,42.213,0,
0,1584424800,ISNE,1,42.377,0,
0,1585742400,BANC,1,44.33,0,
0,1587060000,IPCO,1,64.871,0,
0,1588377600,PGE,1,15.283,0,
0,1589695200,PGE,1,7.918,0,
0,1591012800,PGE,1,3.769,0,
0,1592330400,PGE,1,3.207,0,
0,1593648000,PGE,1,4.802,0,
0,1594965600,PGE,1,33.633,0,
0,1596283200,PGE,1,44.201,0,
0,1597600800,PGE,1,57.441,0,
0,1598918400,PGE,1,56.229,0,
0,1600236000,ISNE,1,62.614,0,
0,1601553600,ISNE,1,58.707,0,
0,1602871200,PGE,1,44.825,0,
0,1604188800,PGE,1,38.972,0,
0,1605506400,ISNE,1,48.474,0,
0,1606824000,ISNE,1,42.761,0,
0,1608141600,PGE,1,39.69,0,
0,1577836800,ISNE,2,47.666,9,BANC|ISNE|PGE|IPCO|PGE|ISNE|PGE|ISNE|PGE
0,1579154400,ISNE,2,48.142,5,PGE|ISNE|PGE|ISNE|PGE
0,1580472000,ISNE,2,44.366,12,PGE|IPCO|PGE|IPCO|PGE|ISNE|PGE|IPCO|PGE|BANC|PGE|ISNE
0,1581789600,PGE,2,36.209,6,BANC|PGE|BANC|PGE|BANC|PGE
0,1583107200,PGE,2,41.895,9,BANC|PGE|ISNE|PGE|BANC|ISNE|PGE|BANC|PGE
0,1584424800,ISNE,2,42.377,0,
0,1585742400,BANC,2,37.043,6,IPCO|BANC|ISNE|BANC|IPCO|BANC
0,1587060000,IPCO,2,29.658,3,BANC|IPCO|BANC
0,1588377600,PGE,2,12.691,4,ISNE|IPCO|ISNE|PGE
0,1589695200,PGE,2,7.918,0,
0,1591012800,PGE,2,3.769,0,
0,1592330400,PGE,2,3.211,2,IPCO|PGE
0,1593648000,PGE,2,4.802,0,
0,1594965600,PGE,2,33.851,10,IPCO|PGE|IPCO|PGE|IPCO|PGE|IPCO|PGE|BANC|PGE
0,1596283200,PGE,2,42.694,7,IPCO|PGE|IPCO|BANC|PGE|IPCO|PGE
0,1597600800,PGE,2,55.489,8,ISNE|PGE|ISNE|PGE|ISNE|PGE|ISNE|PGE
0,1598918400,PGE,2,54.629,8,ISNE|PGE|ISNE|PGE|ISNE|PGE|ISNE|PGE
0,1600236000,ISNE,2,60.659,7,DUK|ISNE|PGE|ISNE|PGE|BANC|ISNE
0,1601553600,ISNE,2,57.391,7,PGE|ISNE|PGE|DUK|ISNE|PGE|ISNE
0,1602871200,PGE,2,43.385,12,ISNE|PGE|ISNE|PGE|IPCO|PGE|ISNE|NYIS|ISNE|PGE|NYIS|PGE
0,1604188800,PGE,2,36.421,4,NWMT|PGE|NWMT|PGE
0,1605506400,ISNE,2,39.109,7,PGE|ISNE|PGE|ISNE|PGE|ISNE|PGE
0,1606824000,ISNE,2,42.014,8,PGE|ISNE|PGE|ISNE|PGE|ISNE|PGE|ISNE
0,1608141600,PGE,2,39.69,0,
0,1577836800,ISNE,3,55.758,3,PGE|ISNE|PGE
0,1579154400,ISNE,3,50.007,1,PGE
0,1580472000,ISNE,3,44.222,3,PGE|NYIS|PGE
0,1581789600,PGE,3,36.054,0,
0,1583107200,PGE,3,42.213,0,
0,1584424800,ISNE,3,49.946,3,NYIS|ISNE|NYIS
0,1585742400,BANC,3,44.33,0,
0,1587060000,IPCO,3,32.693,2,BANC|CISO
0,1588377600,PGE,3,15.283,0,
0,1589695200,PGE,3,7.918,0,
0,1591012800,PGE,3,3.769,0,
0,1592330400,PGE,3,3.211,2,IPCO|PGE
0,1593648000,PGE,3,4.802,0,
0,1594965600,PGE,3,33.747,1,BANC
0,1596283200,PGE,3,43.493,2,BANC|PGE
0,1597600800,PGE,3,57.441,0,
0,1598918400,PGE,3,56.229,0,
0,1600236000,ISNE,3,66.527,2,PGE|DUK
0,1601553600,ISNE,3,61.031,2,PGE|ISNE
0,1602871200,PGE,3,44.81,4,NYIS|PGE|NYIS|PGE
0,1604188800,PGE,3,38.489,2,NWMT|PGE
0,1605506400,ISNE,3,39.688,1,PGE
0,1606824000,ISNE,3,45.684,2,PGE|ISNE
0,1608141600,PGE,3,39.69,0,
0,1577836800,ISNE,4,48.2,0,
0,1579154400,ISNE,4,49.907,3,PGE|ISNE|PGE
0,1580472000,ISNE,4,44.191,1,PGE
0,1581789600,PGE,4,36.054,0,
0,1583107200,PGE,4,42.213,0,
0,1584424800,ISNE,4,42.377,0,
0,1585742400,BANC,4,44.33,0,
0,1587060000,IPCO,4,32.693,1,BANC
0,1588377600,PGE,4,15.283,0,
0,1589695200,PGE,4,7.918,0,
0,1591012800,PGE,4,3.769,0,
0,1592330400,PGE,4,3.207,0,
0,1593648000,PGE,4,4.802,0,
0,1594965600,PGE,4,33.633,0,
0,1596283200,PGE,4,46.245,2,IPCO|PGE
0,1597600800,PGE,4,57.276,2,ISNE|PGE
0,1598918400,PGE,4,56.255,1,ISNE
0,1600236000,ISNE,4,63.106,2,PGE|ISNE
0,1601553600,ISNE,4,59.948,2,PGE|ISNE
0,1602871200,PGE,4,44.825,0,
0,1604188800,PGE,4,38.972,0,
0,1605506400,ISNE,4,39.688,1,PGE
0,1606824000,ISNE,4,42.761,0,
0,1608141600,PGE,4,39.69,0,
0,1577836800,ISNE,5,47.11,9,BANC|ISNE|PGE|IPCO|PGE|ISNE|PGE|ISNE|PGE
0,1579154400,ISNE,5,47.912,5,PGE|ISNE|PGE|ISNE|PGE
0,1580472000,ISNE,5,43.27,12,PGE|IPCO|PGE|IPCO|PGE|ISNE|PGE|IPCO|PGE|BANC|PGE|ISNE
0,1581789600,PGE,5,35.88,6,BANC|PGE|BANC|PGE|BANC|PGE
0,1583107200,PGE,5,40.795,9,BANC|PGE|ISNE|PGE|BANC|ISNE|PGE|BANC|PGE
0,1584424800,ISNE,5,42.377,0,
0,1585742400,BANC,5,35.964,6,IPCO|BANC|ISNE|BANC|IPCO|BANC
0,1587060000,IPCO,5,29.048,3,BANC|IPCO|BANC
0,1588377600,PGE,5,11.916,4,ISNE|IPCO|ISNE|PGE
0,1589695200,PGE,5,7.918,0,
0,1591012800,PGE,5,3.769,0,
0,1592330400,PGE,5,3.061,2,IPCO|PGE
0,1593648000,PGE,5,4.802,0,
0,1594965600,PGE,5,33.361,10,IPCO|PGE|IPCO|PGE|IPCO|PGE|IPCO|PGE|BANC|PGE
0,1596283200,PGE,5,42.28,7,IPCO|PGE|IPCO|BANC|PGE|IPCO|PGE
0,1597600800,PGE,5,55.034,8,ISNE|PGE|ISNE|PGE|ISNE|PGE|ISNE|PGE
0,1598918400,PGE,5,54.3,9,ISNE|PGE|ISNE|PGE|ISNE|PGE|ISNE|PGE|BANC
0,1600236000,ISNE,5,60.009,7,DUK|ISNE|PGE|ISNE|PGE|BANC|ISNE
0,1601553600,ISNE,5,56.836,7,PGE|ISNE|PGE|DUK|ISNE|PGE|ISNE
0,1602871200,PGE,5,42.99,12,ISNE|PGE|ISNE|PGE|IPCO|PGE|ISNE|NYIS|ISNE|PGE|NYIS|PGE
0,1604188800,PGE,5,35.461,4,NWMT|PGE|NWMT|PGE
0,1605506400,ISNE,5,38.672,7,PGE|ISNE|PGE|ISNE|PGE|ISNE|PGE
0,1606824000,ISNE,5,41.593,8,PGE|ISNE|PGE|ISNE|PGE|ISNE|PGE|ISNE
0,1608141600,PGE,5,39.69,0,
0,1577836800,ISNE,6,48.2,0,
0,1579154400,ISNE,6,50.007,1,PGE
0,1580472000,ISNE,6,44.191,1,PGE
0,1581789600,PGE,6,36.054,0,
0,1583107200,PGE,6,42.213,0,
0,1584424800,ISNE,6,42.377,0,
0,1585742400,BANC,6,44.33,0,
0,1587060000,IPCO,6,32.693,1,BANC
0,1588377600,PGE,6,15.283,0,
0,1589695200,PGE,6,7.918,0,
0,1591012800,PGE,6,3.769,0,
0,1592330400,PGE,6,3.207,0,
0,1593648000,PGE,6,4.802,0,
0,1594965600,PGE,6,33.633,0,
0,1596283200,PGE,6,44.201,0,
0,1597600800,PGE,6,57.441,0,
0,1598918400,PGE,6,56.229,0,
0,1600236000,ISNE,6,61.028,1,PGE
0,1601553600,ISNE,6,58.707,0,
0,1602871200,PGE,6,44.825,0,
0,1604188800,PGE,6,38.972,0,
0,1605506400,ISNE,6,39.688,1,PGE
0,1606824000,ISNE,6,42.761,0,
0,1608141600,PGE,6,39.69,0,
5,1577836800,ISNE,1,48.2,0,
5,1579154400,ISNE,1,53.59,0,
5,1580472000,ISNE,1,56.508,0,
5,1581789600,PGE,1,36.054,0,
5,1583107200,PGE,1,42.213,0,
5,1584424800,ISNE,1,42.377,0,
5,1585742400,BANC,1,44.33,0,
5,1587060000,IPCO,1,64.871,0,
5,1588377600,PGE,1,15.283,0,
5,1589695200,PGE,1,7.918,0,
5,1591012800,PGE,1,3.769,0,
5,1592330400,PGE,1,3.207,0,
5,1593648000,PGE,1,4.802,0,
5,1594965600,PGE,1,33.633,0,
5,1596283200,PGE,1,44.201,0,
5,1597600800,PGE,1,57.441,0,
5,1598918400,PGE,1,56.229,0,
5,1600236000,ISNE,1,62.614,0,
5,1601553600,ISNE,1,58.707,0,
5,1602871200,PGE,1,44.825,0,
5,1604188800,PGE,1,38.972,0,
5,1605506400,ISNE,1,48.474,0,
5,1606824000,ISNE,1,42.761,0,
5,1608141600,PGE,1,39.69,0,
5,1577836800,ISNE,2,49.557,9,BANC|ISNE|PGE|IPCO|PGE|ISNE|PGE|ISNE|PGE
5,1579154400,ISNE,2,49.688,5,PGE|ISNE|PGE|ISNE|PGE
5,1580472000,ISNE,2,46.437,12,PGE|IPCO|PGE|IPCO|PGE|ISNE|PGE|IPCO|PGE|BANC|PGE|ISNE
5,1581789600,PGE,2,37.372,6,BANC|PGE|BANC|PGE|BANC|PGE
5,1583107200,PGE,2,43.401,9,BANC|PGE|ISNE|PGE|BANC|ISNE|PGE|BANC|PGE
5,1584424800,ISNE,2,42.377,0,
5,1585742400,BANC,2,38.377,6,IPCO|BANC|ISNE|BANC|IPCO|BANC
5,1587060000,IPCO,2,30.536,3,BANC|IPCO|BANC
5,1588377600,PGE,2,12.999,4,ISNE|IPCO|ISNE|PGE
5,1589695200,PGE,2,7.918,0,
5,1591012800,PGE,2,3.769,0,
5,1592330400,PGE,2,3.606,2,IPCO|PGE
5,1593648000,PGE,2,4.802,0,
5,1594965600,PGE,2,35.471,10,IPCO|PGE|IPCO|PGE|IPCO|PGE|IPCO|PGE|BANC|PGE
5,1596283200,PGE,2,44.135,7,IPCO|PGE|IPCO|BANC|PGE|IPCO|PGE
5,1597600800,PGE,2,57.636,8,ISNE|PGE|ISNE|PGE|ISNE|PGE|ISNE|PGE
5,1598918400,PGE,2,56.703,9,ISNE|PGE|ISNE|PGE|ISNE|PGE|ISNE|PGE|BANC
5,1600236000,ISNE,2,62.661,7,DUK|ISNE|PGE|ISNE|PGE|BANC|ISNE
5,1601553600,ISNE,2,59.106,7,PGE|ISNE|PGE|DUK|ISNE|PGE|ISNE
5,1602871200,PGE,2,45.23,12,ISNE|PGE|ISNE|PGE|IPCO|PGE|ISNE|NYIS|ISNE|PGE|NYIS|PGE
5,1604188800,PGE,2,37.745,4,NWMT|PGE|NWMT|PGE
5,1605506400,ISNE,2,40.415,7,PGE|ISNE|PGE|ISNE|PGE|ISNE|PGE
5,1606824000,ISNE,2,43.601,8,PGE|ISNE|PGE|ISNE|PGE|ISNE|PGE|ISNE
5,1608141600,PGE,2,39.69,0,
5,1577836800,ISNE,3,58.938,1,PGE
5,1579154400,ISNE,3,51.163,1,PGE
5,1580472000,ISNE,3,45.348,1,PGE
5,1581789600,PGE,3,36.054,0,
5,1583107200,PGE,3,42.213,0,
5,1584424800,ISNE,3,51.108,3,NYIS|ISNE|NYIS
5,1585742400,BANC,3,44.33,0,
5,1587060000,IPCO,3,33.57,2,BANC|CISO
5,1588377600,PGE,3,15.283,0,
5,1589695200,PGE,3,7.918,0,
5,1591012800,PGE,3,3.769,0,
5,1592330400,PGE,3,3.606,2,IPCO|PGE
5,1593648000,PGE,3,4.802,0,
5,1594965600,PGE,3,34.782,2,BANC|PGE
5,1596283200,PGE,3,44.532,2,BANC|PGE
5,1597600800,PGE,3,57.441,0,
5,1598918400,PGE,3,56.229,0,
5,1600236000,ISNE,3,68.036,2,PGE|DUK
5,1601553600,ISNE,3,61.565,4,PGE|ISNE|PGE|ISNE
5,1602871200,PGE,3,45.889,2,NYIS|PGE
5,1604188800,PGE,3,39.967,2,NWMT|PGE
5,1605506400,ISNE,3,40.498,1,PGE
5,1606824000,ISNE,3,46.763,2,PGE|ISNE
5,1608141600,PGE,3,39.69,0,
5,1577836800,ISNE,4,48.2,0,
5,1579154400,ISNE,4,51.163,1,PGE
5,1580472000,ISNE,4,45.348,1,PGE
5,1581789600,PGE,4,36.054,0,
5,1583107200,PGE,4,42.213,0,
5,1584424800,ISNE,4,42.377,0,
5,1585742400,BANC,4,44.33,0,
5,1587060000,IPCO,4,33.366,1,BANC
5,1588377600,PGE,4,15.283,0,
5,1589695200,PGE,4,7.918,0,
5,1591012800,PGE,4,3.769,0,
5,1592330400,PGE,4,3.207,0,
5,1593648000,PGE,4,4.802,0,
5,1594965600,PGE,4,33.633,0,
5,1596283200,PGE,4,46.18,2,IPCO|PGE
5,1597600800,PGE,4,57.441,0,
5,1598918400,PGE,4,57.606,1,ISNE
5,1600236000,ISNE,4,62.983,2,PGE|ISNE
5,1601553600,ISNE,4,60.355,2,PGE|ISNE
5,1602871200,PGE,4,44.825,0,
5,1604188800,PGE,4,38.972,0,
5,1605506400,ISNE,4,40.498,1,PGE
5,1606824000,ISNE,4,42.761,0,
5,1608141600,PGE,4,39.69,0,
5,1577836800,ISNE,5,48.961,9,BANC|ISNE|PGE|IPCO|PGE|ISNE|PGE|ISNE|PGE
5,1579154400,ISNE,5,49.507,6,PGE|ISNE|PGE|ISNE|PGE|ISNE
5,1580472000,ISNE,5,46.459,14,PGE|IPCO|PGE|IPCO|PGE|ISNE|PGE|IPCO|PGE|BANC|PGE|ISNE|PGE|ISNE
5,1581789600,PGE,5,37.023,6,BANC|PGE|BANC|PGE|BANC|PGE
5,1583107200,PGE,5,42.227,9,BANC|PGE|ISNE|PGE|BANC|ISNE|PGE|BANC|PGE
5,1584424800,ISNE,5,42.377,0,
5,1585742400,BANC,5,37.167,6,IPCO|BANC|ISNE|BANC|IPCO|BANC
5,1587060000,IPCO,5,29.842,3,BANC|IPCO|BANC
5,1588377600,PGE,5,12.194,4,ISNE|IPCO|ISNE|PGE
5,1589695200,PGE,5,7.918,0,
5,1591012800,PGE,5,3.769,0,
5,1592330400,PGE,5,3.429,2,IPCO|PGE
5,1593648000,PGE,5,4.802,0,
5,1594965600,PGE,5,34.929,10,IPCO|PGE|IPCO|PGE|IPCO|PGE|IPCO|PGE|BANC|PGE
5,1596283200,PGE,5,43.76,8,IPCO|PGE|IPCO|BANC|PGE|IPCO|PGE|IPCO
5,1597600800,PGE,5,57.135,8,ISNE|PGE|ISNE|PGE|ISNE|PGE|ISNE|PGE
5,1598918400,PGE,5,56.332,9,ISNE|PGE|ISNE|PGE|ISNE|PGE|ISNE|PGE|BANC
5,1600236000,ISNE,5,61.963,7,DUK|ISNE|PGE|ISNE|PGE|BANC|ISNE
5,1601553600,ISNE,5,58.508,7,PGE|ISNE|PGE|DUK|ISNE|PGE|ISNE
5,1602871200,PGE,5,44.807,12,ISNE|PGE|ISNE|PGE|IPCO|PGE|ISNE|NYIS|ISNE|PGE|NYIS|PGE
5,1604188800,PGE,5,36.692,4,NWMT|PGE|NWMT|PGE
5,1605506400,ISNE,5,39.955,7,PGE|ISNE|PGE|ISNE|PGE|ISNE|PGE
5,1606824000,ISNE,5,43.148,8,PGE|ISNE|PGE|ISNE|PGE|ISNE|PGE|ISNE
5,1608141600,PGE,5,39.69,0,
5,1577836800,ISNE,6,48.2,0,
5,1579154400,ISNE,6,51.163,1,PGE
5,1580472000,ISNE,6,45.348,1,PGE
5,1581789600,PGE,6,36.054,0,
5,1583107200,PGE,6,42.213,0,
5,1584424800,ISNE,6,42.377,0,
5,1585742400,BANC,6,44.33,0,
5,1587060000,IPCO,6,33.366,1,BANC
5,1588377600,PGE,6,15.283,0,
5,1589695200,PGE,6,7.918,0,
5,1591012800,PGE,6,3.769,0,
5,1592330400,PGE,6,3.207,0,
5,1593648000,PGE,6,4.802,0,
5,1594965600,PGE,6,33.633,0,
5,1596283200,PGE,6,44.201,0,
5,1597600800,PGE,6,57.441,0,
5,1598918400,PGE,6,56.229,0,
5,1600236000,ISNE,6,62.555,1,PGE
5,1601553600,ISNE,6,58.707,0,
5,1602871200,PGE,6,44.825,0,
5,1604188800,PGE,6,38.972,0,
5,1605506400,ISNE,6,40.498,1,PGE
5,1606824000,ISNE,6,42.761,0,
5,1608141600,PGE,6,39.69,0,
10,1577836800,ISNE,1,48.2,0,
10,1579154400,ISNE,1,53.59,0,
10,1580472000,ISNE,1,56.508,0,
10,1581789600,PGE,1,36.054,0,
10,1583107200,PGE,1,42.213,0,
10,1584424800,ISNE,1,42.377,0,
10,1585742400,BANC,1,44.33,0,
10,1587060000,IPCO,1,64.871,0,
10,1588377600,PGE,1,15.283,0,
10,1589695200,PGE,1,7.918,0,
10,1591012800,PGE,1,3.769,0,
10,1592330400,PGE,1,3.207,0,
10,1593648000,PGE,1,4.802,0,
10,1594965600,PGE,1,33.633,0,
10,1596283200,PGE,1,44.201,0,
10,1597600800,PGE,1,57.441,0,
10,1598918400,PGE,1,56.229,0,
10,1600236000,ISNE,1,62.614,0,
10,1601553600,ISNE,1,58.707,0,
10,1602871200,PGE,1,44.825,0,
10,1604188800,PGE,1,38.972,0,
10,1605506400,ISNE,1,48.474,0,
10,1606824000,ISNE,1,42.761,0,
10,1608141600,PGE,1,39.69,0,
10,1577836800,ISNE,2,51.402,9,BANC|ISNE|PGE|IPCO|PGE|ISNE|PGE|ISNE|PGE
10,1579154400,ISNE,2,50.157,5,PGE|ISNE|PGE|ISNE|PGE
10,1580472000,ISNE,2,50.11,14,PGE|IPCO|PGE|IPCO|PGE|ISNE|PGE|IPCO|PGE|BANC|PGE|ISNE|PGE|ISNE
10,1581789600,PGE,2,37.798,6,BANC|PGE|BANC|PGE|BANC|PGE
10,1583107200,PGE,2,44.97,9,BANC|PGE|ISNE|PGE|BANC|ISNE|PGE|BANC|PGE
10,1584424800,ISNE,2,42.377,0,
10,1585742400,BANC,2,38.905,6,IPCO|BANC|ISNE|BANC|IPCO|BANC
10,1587060000,IPCO,2,30.761,3,BANC|IPCO|BANC
10,1588377600,PGE,2,13.221,4,ISNE|IPCO|ISNE|PGE
10,1589695200,PGE,2,7.918,0,
10,1591012800,PGE,2,3.769,0,
10,1592330400,PGE,2,3.661,2,IPCO|PGE
10,1593648000,PGE,2,4.802,0,
10,1594965600,PGE,2,37.081,10,IPCO|PGE|IPCO|PGE|IPCO|PGE|IPCO|PGE|BANC|PGE
10,1596283200,PGE,2,46.191,8,IPCO|PGE|IPCO|BANC|PGE|IPCO|PGE|IPCO
10,1597600800,PGE,2,59.77,8,ISNE|PGE|ISNE|PGE|ISNE|PGE|ISNE|PGE
10,1598918400,PGE,2,58.782,9,ISNE|PGE|ISNE|PGE|ISNE|PGE|ISNE|PGE|BANC
10,1600236000,ISNE,2,64.642,7,DUK|ISNE|PGE|ISNE|PGE|BANC|ISNE
10,1601553600,ISNE,2,60.86,7,PGE|ISNE|PGE|DUK|ISNE|PGE|ISNE
10,1602871200,PGE,2,47.078,12,ISNE|PGE|ISNE|PGE|IPCO|PGE|ISNE|NYIS|ISNE|PGE|NYIS|PGE
10,1604188800,PGE,2,38.081,4,NWMT|PGE|NWMT|PGE
10,1605506400,ISNE,2,41.823,7,PGE|ISNE|PGE|ISNE|PGE|ISNE|PGE
10,1606824000,ISNE,2,45.235,8,PGE|ISNE|PGE|ISNE|PGE|ISNE|PGE|ISNE
10,1608141600,PGE,2,39.69,0,
10,1577836800,ISNE,3,59.035,1,PGE
10,1579154400,ISNE,3,51.242,1,PGE
10,1580472000,ISNE,3,45.446,1,PGE
10,1581789600,PGE,3,36.054,0,
10,1583107200,PGE,3,42.213,0,
10,1584424800,ISNE,3,51.308,3,NYIS|ISNE|NYIS
10,1585742400,BANC,3,44.33,0,
10,1587060000,IPCO,3,33.644,2,BANC|CISO
10,1588377600,PGE,3,15.283,0,
10,1589695200,PGE,3,7.918,0,
10,1591012800,PGE,3,3.769,0,
10,1592330400,PGE,3,3.661,2,IPCO|PGE
10,1593648000,PGE,3,4.802,0,
10,1594965600,PGE,3,34.943,2,BANC|PGE
10,1596283200,PGE,3,44.681,2,BANC|PGE
10,1597600800,PGE,3,57.441,0,
10,1598918400,PGE,3,56.229,0,
10,1600236000,ISNE,3,68.249,2,PGE|DUK
10,1601553600,ISNE,3,61.95,4,PGE|ISNE|PGE|ISNE
10,1602871200,PGE,3,46.045,2,NYIS|PGE
10,1604188800,PGE,3,40.101,2,NWMT|PGE
10,1605506400,ISNE,3,40.566,1,PGE
10,1606824000,ISNE,3,46.913,2,PGE|ISNE
10,1608141600,PGE,3,39.69,0,
10,1577836800,ISNE,4,48.2,0,
10,1579154400,ISNE,4,51.242,1,PGE
10,1580472000,ISNE,4,45.446,1,PGE
10,1581789600,PGE,4,36.054,0,
10,1583107200,PGE,4,42.213,0,
10,1584424800,ISNE,4,42.377,0,
10,1585742400,BANC,4,44.33,0,
10,1587060000,IPCO,4,33.386,1,BANC
10,1588377600,PGE,4,15.283,0,
10,1589695200,PGE,4,7.918,0,
10,1591012800,PGE,4,3.769,0,
10,1592330400,PGE,4,3.207,0,
10,1593648000,PGE,4,4.802,0,
10,1594965600,PGE,4,33.633,0,
10,1596283200,PGE,4,45.768,2,IPCO|PGE
10,1597600800,PGE,4,57.441,0,
10,1598918400,PGE,4,57.419,1,ISNE
10,1600236000,ISNE,4,62.614,0,
10,1601553600,ISNE,4,58.707,0,
10,1602871200,PGE,4,44.825,0,
10,1604188800,PGE,4,38.972,0,
10,1605506400,ISNE,4,40.566,1,PGE
10,1606824000,ISNE,4,42.761,0,
10,1608141600,PGE,4,39.69,0,
10,1577836800,ISNE,5,50.767,9,BANC|ISNE|PGE|IPCO|PGE|ISNE|PGE|ISNE|PGE
10,1579154400,ISNE,5,50.024,6,PGE|ISNE|PGE|ISNE|PGE|ISNE
10,1580472000,ISNE,5,48.655,14,PGE|IPCO|PGE|IPCO|PGE|ISNE|PGE|IPCO|PGE|BANC|PGE|ISNE|PGE|ISNE
10,1581789600,PGE,5,37.43,6,BANC|PGE|BANC|PGE|BANC|PGE
10,1583107200,PGE,5,43.722,9,BANC|PGE|ISNE|PGE|BANC|ISNE|PGE|BANC|PGE
10,1584424800,ISNE,5,42.377,0,
10,1585742400,BANC,5,37.564,6,IPCO|BANC|ISNE|BANC|IPCO|BANC
10,1587060000,IPCO,5,29.984,3,BANC|IPCO|BANC
10,1588377600,PGE,5,12.386,4,ISNE|IPCO|ISNE|PGE
10,1589695200,PGE,5,7.918,0,
10,1591012800,PGE,5,3.769,0,
10,1592330400,PGE,5,3.457,2,IPCO|PGE
10,1593648000,PGE,5,4.802,0,
10,1594965600,PGE,5,36.642,11,IPCO|PGE|IPCO|PGE|IPCO|PGE|IPCO|PGE|BANC|PGE|IPCO
10,1596283200,PGE,5,45.291,8,IPCO|PGE|IPCO|BANC|PGE|IPCO|PGE|IPCO
10,1597600800,PGE,5,59.223,8,ISNE|PGE|ISNE|PGE|ISNE|PGE|ISNE|PGE
10,1598918400,PGE,5,58.375,9,ISNE|PGE|ISNE|PGE|ISNE|PGE|ISNE|PGE|BANC
10,1600236000,ISNE,5,63.896,7,DUK|ISNE|PGE|ISNE|PGE|BANC|ISNE
10,1601553600,ISNE,5,60.219,7,PGE|ISNE|PGE|DUK|ISNE|PGE|ISNE
10,1602871200,PGE,5,46.626,12,ISNE|PGE|ISNE|PGE|IPCO|PGE|ISNE|NYIS|ISNE|PGE|NYIS|PGE
10,1604188800,PGE,5,36.936,4,NWMT|PGE|NWMT|PGE
10,1605506400,ISNE,5,41.482,8,PGE|ISNE|PGE|ISNE|PGE|ISNE|PGE|ISNE
10,1606824000,ISNE,5,44.75,8,PGE|ISNE|PGE|ISNE|PGE|ISNE|PGE|ISNE
10,1608141600,PGE,5,39.69,0,
10,1577836800,ISNE,6,48.2,0,
10,1579154400,ISNE,6,51.242,1,PGE
10,1580472000,ISNE,6,45.446,1,PGE
10,1581789600,PGE,6,36.054,0,
10,1583107200,PGE,6,42.213,0,
10,1584424800,ISNE,6,42.377,0,
10,1585742400,BANC,6,44.33,0,
10,1587060000,IPCO,6,33.386,1,BANC
10,1588377600,PGE,6,15.283,0,
10,1589695200,PGE,6,7.918,0,
10,1591012800,PGE,6,3.769,0,
10,1592330400,PGE,6,3.207,0,
10,1593648000,PGE,6,4.802,0,
10,1594965600,PGE,6,33.633,0,
10,1596283200,PGE,6,44.201,0,
10,1597600800,PGE,6,57.441,0,
10,1598918400,PGE,6,56.229,0,
10,1600236000,ISNE,6,62.475,1,PGE
10,1601553600,ISNE,6,58.707,0,
10,1602871200,PGE,6,44.825,0,
10,1604188800,PGE,6,38.972,0,
10,1605506400,ISNE,6,40.566,1,PGE
10,1606824000,ISNE,6,42.761,0,
10,1608141600,PGE,6,39.69,0,
15,1577836800,ISNE,1,48.2,0,
15,1579154400,ISNE,1,53.59,0,
15,1580472000,ISNE,1,56.508,0,
15,1581789600,PGE,1,36.054,0,
15,1583107200,PGE,1,42.213,0,
15,1584424800,ISNE,1,42.377,0,
15,1585742400,BANC,1,44.33,0,
15,1587060000,IPCO,1,64.871,0,
15,1588377600,PGE,1,15.283,0,
15,1589695200,PGE,1,7.918,0,
15,1591012800,PGE,1,3.769,0,
15,1592330400,PGE,1,3.207,0,
15,1593648000,PGE,1,4.802,0,
15,1594965600,PGE,1,33.633,0,
15,1596283200,PGE,1,44.201,0,
15,1597600800,PGE,1,57.441,0,
15,1598918400,PGE,1,56.229,0,
15,1600236000,ISNE,1,62.614,0,
15,1601553600,ISNE,1,58.707,0,
15,1602871200,PGE,1,44.825,0,
15,1604188800,PGE,1,38.972,0,
15,1605506400,ISNE,1,48.474,0,
15,1606824000,ISNE,1,42.761,0,
15,1608141600,PGE,1,39.69,0,
15,1577836800,ISNE,2,53.334,9,BANC|ISNE|PGE|IPCO|PGE|ISNE|PGE|ISNE|PGE
15,1579154400,ISNE,2,52.06,6,PGE|ISNE|PGE|ISNE|PGE|ISNE
15,1580472000,ISNE,2,52.363,14,PGE|IPCO|PGE|IPCO|PGE|ISNE|PGE|IPCO|PGE|BANC|PGE|ISNE|PGE|ISNE
15,1581789600,PGE,2,38.961,6,BANC|PGE|BANC|PGE|BANC|PGE
15,1583107200,PGE,2,46.555,9,BANC|PGE|ISNE|PGE|BANC|ISNE|PGE|BANC|PGE
15,1584424800,ISNE,2,42.377,0,
15,1585742400,BANC,2,40.071,6,IPCO|BANC|ISNE|BANC|IPCO|BANC
15,1587060000,IPCO,2,30.985,3,BANC|IPCO|BANC
15,1588377600,PGE,2,13.444,4,ISNE|IPCO|ISNE|PGE
15,1589695200,PGE,2,7.918,0,
15,1591012800,PGE,2,3.769,0,
15,1592330400,PGE,2,3.717,2,IPCO|PGE
15,1593648000,PGE,2,4.802,0,
15,1594965600,PGE,2,38.889,11,IPCO|PGE|IPCO|PGE|IPCO|PGE|IPCO|PGE|BANC|PGE|IPCO
15,1596283200,PGE,2,46.848,8,IPCO|PGE|IPCO|BANC|PGE|IPCO|PGE|IPCO
15,1597600800,PGE,2,60.61,8,ISNE|PGE|ISNE|PGE|ISNE|PGE|ISNE|PGE
15,1598918400,PGE,2,60.881,9,ISNE|PGE|ISNE|PGE|ISNE|PGE|ISNE|PGE|BANC
15,1600236000,ISNE,2,65.436,7,DUK|ISNE|PGE|ISNE|PGE|BANC|ISNE
15,1601553600,ISNE,2,61.608,7,PGE|ISNE|PGE|DUK|ISNE|PGE|ISNE
15,1602871200,PGE,2,48.834,12,ISNE|PGE|ISNE|PGE|IPCO|PGE|ISNE|NYIS|ISNE|PGE|NYIS|PGE
15,1604188800,PGE,2,38.417,4,NWMT|PGE|NWMT|PGE
15,1605506400,ISNE,2,42.385,7,PGE|ISNE|PGE|ISNE|PGE|ISNE|PGE
15,1606824000,ISNE,2,45.895,8,PGE|ISNE|PGE|ISNE|PGE|ISNE|PGE|ISNE
15,1608141600,PGE,2,39.69,0,
15,1577836800,ISNE,3,59.132,1,PGE
15,1579154400,ISNE,3,51.321,1,PGE
15,1580472000,ISNE,3,45.543,1,PGE
15,1581789600,PGE,3,36.054,0,
15,1583107200,PGE,3,42.213,0,
15,1584424800,ISNE,3,51.508,3,NYIS|ISNE|NYIS
15,1585742400,BANC,3,44.33,0,
15,1587060000,IPCO,3,33.718,2,BANC|CISO
15,1588377600,PGE,3,15.283,0,
15,1589695200,PGE,3,7.918,0,
15,1591012800,PGE,3,3.769,0,
15,1592330400,PGE,3,3.717,2,IPCO|PGE
15,1593648000,PGE,3,4.802,0,
15,1594965600,PGE,3,35.104,2,BANC|PGE
15,1596283200,PGE,3,44.83,2,BANC|PGE
15,1597600800,PGE,3,57.441,0,
15,1598918400,PGE,3,56.229,0,
15,1600236000,ISNE,3,68.463,2,PGE|DUK
15,1601553600,ISNE,3,62.336,4,PGE|ISNE|PGE|ISNE
15,1602871200,PGE,3,46.201,2,NYIS|PGE
15,1604188800,PGE,3,40.235,2,NWMT|PGE
15,1605506400,ISNE,3,40.633,1,PGE
15,1606824000,ISNE,3,47.064,2,PGE|ISNE
15,1608141600,PGE,3,39.69,0,
15,1577836800,ISNE,4,48.2,0,
15,1579154400,ISNE,4,52.104,1,PGE
15,1580472000,ISNE,4,45.543,1,PGE
15,1581789600,PGE,4,36.054,0,
15,1583107200,PGE,4,42.213,0,
15,1584424800,ISNE,4,42.377,0,
15,1585742400,BANC,4,44.33,0,
15,1587060000,IPCO,4,33.406,1,BANC
15,1588377600,PGE,4,15.283,0,
15,1589695200,PGE,4,7.918,0,
15,1591012800,PGE,4,3.769,0,
15,1592330400,PGE,4,3.207,0,
15,1593648000,PGE,4,4.802,0,
15,1594965600,PGE,4,33.633,0,
15,1596283200,PGE,4,44.201,0,
15,1597600800,PGE,4,57.441,0,
15,1598918400,PGE,4,57.169,1,ISNE
15,1600236000,ISNE,4,62.614,0,
15,1601553600,ISNE,4,58.707,0,
15,1602871200,PGE,4,44.825,0,
15,1604188800,PGE,4,38.972,0,
15,1605506400,ISNE,4,40.633,1,PGE
15,1606824000,ISNE,4,42.761,0,
15,1608141600,PGE,4,39.69,0,
15,1577836800,ISNE,5,52.659,9,BANC|ISNE|PGE|IPCO|PGE|ISNE|PGE|ISNE|PGE
15,1579154400,ISNE,5,51.683,6,PGE|ISNE|PGE|ISNE|PGE|ISNE
15,1580472000,ISNE,5,51.063,15,PGE|IPCO|PGE|IPCO|PGE|ISNE|PGE|IPCO|PGE|BANC|PGE|ISNE|PGE|ISNE|PGE
15,1581789600,PGE,5,38.574,6,BANC|PGE|BANC|PGE|BANC|PGE
15,1583107200,PGE,5,45.439,10,BANC|PGE|ISNE|PGE|BANC|ISNE|PGE|BANC|PGE|BANC
15,1584424800,ISNE,5,42.377,0,
15,1585742400,BANC,5,38.6,6,IPCO|BANC|ISNE|BANC|IPCO|BANC
15,1587060000,IPCO,5,30.125,3,BANC|IPCO|BANC
15,1588377600,PGE,5,12.579,4,ISNE|IPCO|ISNE|PGE
15,1589695200,PGE,5,7.918,0,
15,1591012800,PGE,5,3.769,0,
15,1592330400,PGE,5,3.485,2,IPCO|PGE
15,1593648000,PGE,5,4.802,0,
15,1594965600,PGE,5,38.195,11,IPCO|PGE|IPCO|PGE|IPCO|PGE|IPCO|PGE|BANC|PGE|IPCO
15,1596283200,PGE,5,45.88,8,IPCO|PGE|IPCO|BANC|PGE|IPCO|PGE|IPCO
15,1597600800,PGE,5,60.018,8,ISNE|PGE|ISNE|PGE|ISNE|PGE|ISNE|PGE
15,1598918400,PGE,5,60.734,10,ISNE|PGE|ISNE|PGE|ISNE|PGE|ISNE|PGE|BANC|ISNE
15,1600236000,ISNE,5,64.641,7,DUK|ISNE|PGE|ISNE|PGE|BANC|ISNE
15,1601553600,ISNE,5,60.924,7,PGE|ISNE|PGE|DUK|ISNE|PGE|ISNE
15,1602871200,PGE,5,48.353,12,ISNE|PGE|ISNE|PGE|IPCO|PGE|ISNE|NYIS|ISNE|PGE|NYIS|PGE
15,1604188800,PGE,5,37.18,4,NWMT|PGE|NWMT|PGE
15,1605506400,ISNE,5,42.092,8,PGE|ISNE|PGE|ISNE|PGE|ISNE|PGE|ISNE
15,1606824000,ISNE,5,45.377,8,PGE|ISNE|PGE|ISNE|PGE|ISNE|PGE|ISNE
15,1608141600,PGE,5,39.69,0,
15,1577836800,ISNE,6,48.2,0,
15,1579154400,ISNE,6,51.321,1,PGE
15,1580472000,ISNE,6,45.543,1,PGE
15,1581789600,PGE,6,36.054,0,
15,1583107200,PGE,6,42.213,0,
15,1584424800,ISNE,6,42.377,0,
15,1585742400,BANC,6,44.33,0,
15,1587060000,IPCO,6,33.406,1,BANC
15,1588377600,PGE,6,15.283,0,
15,1589695200,PGE,6,7.918,0,
15,1591012800,PGE,6,3.769,0,
15,1592330400,PGE,6,3.207,0,
15,1593648000,PGE,6,4.802,0,
15,1594965600,PGE,6,33.633,0,
15,1596283200,PGE,6,44.201,0,
15,1597600800,PGE,6,57.441,0,
15,1598918400,PGE,6,56.229,0,
15,1600236000,ISNE,6,62.581,1,PGE
15,1601553600,ISNE,6,58.707,0,
15,1602871200,PGE,6,44.825,0,
15,1604188800,PGE,6,38.972,0,
15,1605506400,ISNE,6,40.633,1,PGE
15,1606824000,ISNE,6,42.761,0,
15,1608141600,PGE,6,39.69,0,
20,1577836800,ISNE,1,48.2,0,
20,1579154400,ISNE,1,53.59,0,
20,1580472000,ISNE,1,56.508,0,
20,1581789600,PGE,1,36.054,0,
20,1583107200,PGE,1,42.213,0,
20,1584424800,ISNE,1,42.377,0,
20,1585742400,BANC,1,44.33,0,
20,1587060000,IPCO,1,64.871,0,
20,1588377600,PGE,1,15.283,0,
20,1589695200,PGE,1,7.918,0,
20,1591012800,PGE,1,3.769,0,
20,1592330400,PGE,1,3.207,0,
20,1593648000,PGE,1,4.802,0,
20,1594965600,PGE,1,33.633,0,
20,1596283200,PGE,1,44.201,0,
20,1597600800,PGE,1,57.441,0,
20,1598918400,PGE,1,56.229,0,
20,1600236000,ISNE,1,62.614,0,
20,1601553600,ISNE,1,58.707,0,
20,1602871200,PGE,1,44.825,0,
20,1604188800,PGE,1,38.972,0,
20,1605506400,ISNE,1,48.474,0,
20,1606824000,ISNE,1,42.761,0,
20,1608141600,PGE,1,39.69,0,
20,1577836800,ISNE,2,54.175,9,BANC|ISNE|PGE|IPCO|PGE|ISNE|PGE|ISNE|PGE
20,1579154400,ISNE,2,52.624,6,PGE|ISNE|PGE|ISNE|PGE|ISNE
20,1580472000,ISNE,2,54.989,15,PGE|IPCO|PGE|IPCO|PGE|ISNE|PGE|IPCO|PGE|BANC|PGE|ISNE|PGE|ISNE|PGE
20,1581789600,PGE,2,39.386,6,BANC|PGE|BANC|PGE|BANC|PGE
20,1583107200,PGE,2,47.318,9,BANC|PGE|ISNE|PGE|BANC|ISNE|PGE|BANC|PGE
20,1584424800,ISNE,2,42.377,0,
20,1585742400,BANC,2,40.598,6,IPCO|BANC|ISNE|BANC|IPCO|BANC
20,1587060000,IPCO,2,31.21,3,BANC|IPCO|BANC
20,1588377600,PGE,2,13.744,4,ISNE|IPCO|ISNE|PGE
20,1589695200,PGE,2,7.918,0,
20,1591012800,PGE,2,3.769,0,
20,1592330400,PGE,2,3.772,2,IPCO|PGE
20,1593648000,PGE,2,4.802,0,
20,1594965600,PGE,2,40.465,11,IPCO|PGE|IPCO|PGE|IPCO|PGE|IPCO|PGE|BANC|PGE|IPCO
20,1596283200,PGE,2,48.3,8,IPCO|PGE|IPCO|BANC|PGE|IPCO|PGE|IPCO
20,1597600800,PGE,2,62.714,8,ISNE|PGE|ISNE|PGE|ISNE|PGE|ISNE|PGE
20,1598918400,PGE,2,61.795,9,ISNE|PGE|ISNE|PGE|ISNE|PGE|ISNE|PGE|BANC
20,1600236000,ISNE,2,67.413,7,DUK|ISNE|PGE|ISNE|PGE|BANC|ISNE
20,1601553600,ISNE,2,63.367,7,PGE|ISNE|PGE|DUK|ISNE|PGE|ISNE
20,1602871200,PGE,2,50.539,12,ISNE|PGE|ISNE|PGE|IPCO|PGE|ISNE|NYIS|ISNE|PGE|NYIS|PGE
20,1604188800,PGE,2,39.813,4,NWMT|PGE|NWMT|PGE
20,1605506400,ISNE,2,44.137,8,PGE|ISNE|PGE|ISNE|PGE|ISNE|PGE|ISNE
20,1606824000,ISNE,2,47.537,8,PGE|ISNE|PGE|ISNE|PGE|ISNE|PGE|ISNE
20,1608141600,PGE,2,39.69,0,
20,1577836800,ISNE,3,59.229,1,PGE
20,1579154400,ISNE,3,51.399,1,PGE
20,1580472000,ISNE,3,45.641,1,PGE
20,1581789600,PGE,3,36.054,0,
20,1583107200,PGE,3,42.213,0,
20,1584424800,ISNE,3,51.709,3,NYIS|ISNE|NYIS
20,1585742400,BANC,3,44.33,0,
20,1587060000,IPCO,3,33.792,2,BANC|CISO
20,1588377600,PGE,3,15.283,0,
20,1589695200,PGE,3,7.918,0,
20,1591012800,PGE,3,3.769,0,
20,1592330400,PGE,3,3.772,2,IPCO|PGE
20,1593648000,PGE,3,4.802,0,
20,1594965600,PGE,3,35.264,2,BANC|PGE
20,1596283200,PGE,3,44.979,2,BANC|PGE
20,1597600800,PGE,3,57.441,0,
20,1598918400,PGE,3,56.229,0,
20,1600236000,ISNE,3,68.676,2,PGE|DUK
20,1601553600,ISNE,3,64.063,5,PGE|ISNE|PGE|ISNE|PGE
20,1602871200,PGE,3,46.357,2,NYIS|PGE
20,1604188800,PGE,3,40.37,2,NWMT|PGE
20,1605506400,ISNE,3,40.7,1,PGE
20,1606824000,ISNE,3,47.214,2,PGE|ISNE
20,1608141600,PGE,3,39.69,0,
20,1577836800,ISNE,4,48.2,0,
20,1579154400,ISNE,4,52.245,1,PGE
20,1580472000,ISNE,4,45.641,1,PGE
20,1581789600,PGE,4,36.054,0,
20,1583107200,PGE,4,42.213,0,
20,1584424800,ISNE,4,42.377,0,
20,1585742400,BANC,4,44.33,0,
20,1587060000,IPCO,4,33.425,1,BANC
20,1588377600,PGE,4,15.283,0,
20,1589695200,PGE,4,7.918,0,
20,1591012800,PGE,4,3.769,0,
20,1592330400,PGE,4,3.207,0,
20,1593648000,PGE,4,4.802,0,
20,1594965600,PGE,4,33.633,0,
20,1596283200,PGE,4,44.201,0,
20,1597600800,PGE,4,57.441,0,
20,1598918400,PGE,4,58.51,1,ISNE
20,1600236000,ISNE,4,62.614,0,
20,1601553600,ISNE,4,58.707,0,
20,1602871200,PGE,4,44.825,0,
20,1604188800,PGE,4,38.972,0,
20,1605506400,ISNE,4,40.7,1,PGE
20,1606824000,ISNE,4,42.761,0,
20,1608141600,PGE,4,39.69,0,
20,1577836800,ISNE,5,53.461,9,BANC|ISNE|PGE|IPCO|PGE|ISNE|PGE|ISNE|PGE
20,1579154400,ISNE,5,52.2,6,PGE|ISNE|PGE|ISNE|PGE|ISNE
20,1580472000,ISNE,5,53.254,15,PGE|IPCO|PGE|IPCO|PGE|ISNE|PGE|IPCO|PGE|BANC|PGE|ISNE|PGE|ISNE|PGE
20,1581789600,PGE,5,38.981,6,BANC|PGE|BANC|PGE|BANC|PGE
20,1583107200,PGE,5,47.296,11,BANC|PGE|ISNE|PGE|BANC|ISNE|PGE|BANC|PGE|BANC|PGE
20,1584424800,ISNE,5,42.377,0,
20,1585742400,BANC,5,38.997,6,IPCO|BANC|ISNE|BANC|IPCO|BANC
20,1587060000,IPCO,5,30.267,3,BANC|IPCO|BANC
20,1588377600,PGE,5,12.849,4,ISNE|IPCO|ISNE|PGE
20,1589695200,PGE,5,7.918,0,
20,1591012800,PGE,5,3.769,0,
20,1592330400,PGE,5,3.513,2,IPCO|PGE
20,1593648000,PGE,5,4.802,0,
20,1594965600,PGE,5,39.721,11,IPCO|PGE|IPCO|PGE|IPCO|PGE|IPCO|PGE|BANC|PGE|IPCO
20,1596283200,PGE,5,47.265,8,IPCO|PGE|IPCO|BANC|PGE|IPCO|PGE|IPCO
20,1597600800,PGE,5,62.076,8,ISNE|PGE|ISNE|PGE|ISNE|PGE|ISNE|PGE
20,1598918400,PGE,5,62.842,10,ISNE|PGE|ISNE|PGE|ISNE|PGE|ISNE|PGE|BANC|ISNE
20,1600236000,ISNE,5,66.57,7,DUK|ISNE|PGE|ISNE|PGE|BANC|ISNE
20,1601553600,ISNE,5,62.64,7,PGE|ISNE|PGE|DUK|ISNE|PGE|ISNE
20,1602871200,PGE,5,50.029,12,ISNE|PGE|ISNE|PGE|IPCO|PGE|ISNE|NYIS|ISNE|PGE|NYIS|PGE
20,1604188800,PGE,5,38.483,4,NWMT|PGE|NWMT|PGE
20,1605506400,ISNE,5,43.873,9,PGE|ISNE|PGE|ISNE|PGE|ISNE|PGE|ISNE|PGE
20,1606824000,ISNE,5,46.987,8,PGE|ISNE|PGE|ISNE|PGE|ISNE|PGE|ISNE
20,1608141600,PGE,5,39.69,0,
20,1577836800,ISNE,6,48.2,0,
20,1579154400,ISNE,6,51.399,1,PGE
20,1580472000,ISNE,6,45.641,1,PGE
20,1581789600,PGE,6,36.054,0,
20,1583107200,PGE,6,42.213,0,
20,1584424800,ISNE,6,42.377,0,
20,1585742400,BANC,6,44.33,0,
20,1587060000,IPCO,6,33.425,1,BANC
20,1588377600,PGE,6,15.283,0,
20,1589695200,PGE,6,7.918,0,
20,1591012800,PGE,6,3.769,0,
20,1592330400,PGE,6,3.207,0,
20,1593648000,PGE,6,4.802,0,
20,1594965600,PGE,6,33.633,0,
20,1596283200,PGE,6,44.201,0,
20,1597600800,PGE,6,57.441,0,
20,1598918400,PGE,6,56.229,0,
20,1600236000,ISNE,6,62.614,0,
20,1601553600,ISNE,6,58.707,0,
20,1602871200,PGE,6,44.825,0,
20,1604188800,PGE,6,38.972,0,
20,1605506400,ISNE,6,40.7,1,PGE
20,1606824000,ISNE,6,42.761,0,
20,1608141600,PGE,6,39.69,0,
30,1577836800,ISNE,1,48.2,0,
30,1579154400,ISNE,1,53.59,0,
30,1580472000,ISNE,1,56.508,0,
30,1581789600,PGE,1,36.054,0,
30,1583107200,PGE,1,42.213,0,
30,1584424800,ISNE,1,42.377,0,
30,1585742400,BANC,1,44.33,0,
30,1587060000,IPCO,1,64.871,0,
30,1588377600,PGE,1,15.283,0,
30,1589695200,PGE,1,7.918,0,
30,1591012800,PGE,1,3.769,0,
30,1592330400,PGE,1,3.207,0,
30,1593648000,PGE,1,4.802,0,
30,1594965600,PGE,1,33.633,0,
30,1596283200,PGE,1,44.201,0,
30,1597600800,PGE,1,57.441,0,
30,1598918400,PGE,1,56.229,0,
30,1600236000,ISNE,1,62.614,0,
30,1601553600,ISNE,1,58.707,0,
30,1602871200,PGE,1,44.825,0,
30,1604188800,PGE,1,38.972,0,
30,1605506400,ISNE,1,48.474,0,
30,1606824000,ISNE,1,42.761,0,
30,1608141600,PGE,1,39.69,0,
30,1577836800,ISNE,2,58.546,10,BANC|ISNE|PGE|IPCO|PGE|ISNE|PGE|ISNE|PGE|ISNE
30,1579154400,ISNE,2,54.919,6,PGE|ISNE|PGE|ISNE|PGE|ISNE
30,1580472000,ISNE,2,62.841,17,PGE|IPCO|PGE|IPCO|PGE|ISNE|PGE|IPCO|PGE|BANC|PGE|ISNE|PGE|ISNE|PGE|ISNE|PGE
30,1581789600,PGE,2,40.999,6,BANC|PGE|BANC|PGE|BANC|PGE
30,1583107200,PGE,2,52.241,11,BANC|PGE|ISNE|PGE|BANC|ISNE|PGE|BANC|PGE|BANC|PGE
30,1584424800,ISNE,2,42.377,0,
30,1585742400,BANC,2,42.427,6,IPCO|BANC|ISNE|BANC|IPCO|BANC
30,1587060000,IPCO,2,32.258,3,BANC|IPCO|BANC
30,1588377600,PGE,2,14.189,4,ISNE|IPCO|ISNE|PGE
30,1589695200,PGE,2,7.918,0,
30,1591012800,PGE,2,3.769,0,
30,1592330400,PGE,2,3.882,2,IPCO|PGE
30,1593648000,PGE,2,4.802,0,
30,1594965600,PGE,2,43.71,11,IPCO|PGE|IPCO|PGE|IPCO|PGE|IPCO|PGE|BANC|PGE|IPCO
30,1596283200,PGE,2,50.371,8,IPCO|PGE|IPCO|BANC|PGE|IPCO|PGE|IPCO
30,1597600800,PGE,2,65.626,8,ISNE|PGE|ISNE|PGE|ISNE|PGE|ISNE|PGE
30,1598918400,PGE,2,66.567,10,ISNE|PGE|ISNE|PGE|ISNE|PGE|ISNE|PGE|BANC|ISNE
30,1600236000,ISNE,2,70.238,7,DUK|ISNE|PGE|ISNE|PGE|BANC|ISNE
30,1601553600,ISNE,2,65.886,7,PGE|ISNE|PGE|DUK|ISNE|PGE|ISNE
30,1602871200,PGE,2,53.867,12,ISNE|PGE|ISNE|PGE|IPCO|PGE|ISNE|NYIS|ISNE|PGE|NYIS|PGE
30,1604188800,PGE,2,40.486,4,NWMT|PGE|NWMT|PGE
30,1605506400,ISNE,2,48.18,10,PGE|ISNE|PGE|ISNE|PGE|ISNE|PGE|ISNE|PGE|ISNE
30,1606824000,ISNE,2,49.831,8,PGE|ISNE|PGE|ISNE|PGE|ISNE|PGE|ISNE
30,1608141600,PGE,2,39.69,0,
30,1577836800,ISNE,3,59.423,1,PGE
30,1579154400,ISNE,3,51.556,1,PGE
30,1580472000,ISNE,3,45.837,1,PGE
30,1581789600,PGE,3,36.054,0,
30,1583107200,PGE,3,42.213,0,
30,1584424800,ISNE,3,53.056,3,NYIS|ISNE|NYIS
30,1585742400,BANC,3,44.33,0,
30,1587060000,IPCO,3,33.94,2,BANC|CISO
30,1588377600,PGE,3,15.283,0,
30,1589695200,PGE,3,7.918,0,
30,1591012800,PGE,3,3.769,0,
30,1592330400,PGE,3,3.882,2,IPCO|PGE
30,1593648000,PGE,3,4.802,0,
30,1594965600,PGE,3,35.585,2,BANC|PGE
30,1596283200,PGE,3,45.276,2,BANC|PGE
30,1597600800,PGE,3,57.441,0,
30,1598918400,PGE,3,56.229,0,
30,1600236000,ISNE,3,69.103,2,PGE|DUK
30,1601553600,ISNE,3,66.124,5,PGE|ISNE|PGE|ISNE|PGE
30,1602871200,PGE,3,46.668,2,NYIS|PGE
30,1604188800,PGE,3,40.638,2,NWMT|PGE
30,1605506400,ISNE,3,40.835,1,PGE
30,1606824000,ISNE,3,47.515,2,PGE|ISNE
30,1608141600,PGE,3,39.69,0,
30,1577836800,ISNE,4,48.2,0,
30,1579154400,ISNE,4,52.451,1,PGE
30,1580472000,ISNE,4,45.837,1,PGE
30,1581789600,PGE,4,36.054,0,
30,1583107200,PGE,4,42.213,0,
30,1584424800,ISNE,4,42.377,0,
30,1585742400,BANC,4,44.33,0,
30,1587060000,IPCO,4,33.465,1,BANC
30,1588377600,PGE,4,15.283,0,
30,1589695200,PGE,4,7.918,0,
30,1591012800,PGE,4,3.769,0,
30,1592330400,PGE,4,3.207,0,
30,1593648000,PGE,4,4.802,0,
30,1594965600,PGE,4,33.633,0,
30,1596283200,PGE,4,44.201,0,
30,1597600800,PGE,4,57.441,0,
30,1598918400,PGE,4,58.671,1,ISNE
30,1600236000,ISNE,4,62.614,0,
30,1601553600,ISNE,4,58.707,0,
30,1602871200,PGE,4,44.825,0,
30,1604188800,PGE,4,38.972,0,
30,1605506400,ISNE,4,40.835,1,PGE
30,1606824000,ISNE,4,42.761,0,
30,1608141600,PGE,4,39.69,0,
30,1577836800,ISNE,5,57.599,10,BANC|ISNE|PGE|IPCO|PGE|ISNE|PGE|ISNE|PGE|ISNE
30,1579154400,ISNE,5,54.401,6,PGE|ISNE|PGE|ISNE|PGE|ISNE
30,1580472000,ISNE,5,60.608,17,PGE|IPCO|PGE|IPCO|PGE|ISNE|PGE|IPCO|PGE|BANC|PGE|ISNE|PGE|ISNE|PGE|ISNE|PGE
30,1581789600,PGE,5,41.651,7,BANC|PGE|BANC|PGE|BANC|PGE|IPCO
30,1583107200,PGE,5,50.602,11,BANC|PGE|ISNE|PGE|BANC|ISNE|PGE|BANC|PGE|BANC|PGE
30,1584424800,ISNE,5,42.377,0,
30,1585742400,BANC,5,41.844,7,IPCO|BANC|ISNE|BANC|IPCO|BANC|IPCO
30,1587060000,IPCO,5,31.147,3,BANC|IPCO|BANC
30,1588377600,PGE,5,13.234,4,ISNE|IPCO|ISNE|PGE
30,1589695200,PGE,5,7.918,0,
30,1591012800,PGE,5,3.769,0,
30,1592330400,PGE,5,3.569,2,IPCO|PGE
30,1593648000,PGE,5,4.802,0,
30,1594965600,PGE,5,42.868,11,IPCO|PGE|IPCO|PGE|IPCO|PGE|IPCO|PGE|BANC|PGE|IPCO
30,1596283200,PGE,5,49.2,8,IPCO|PGE|IPCO|BANC|PGE|IPCO|PGE|IPCO
30,1597600800,PGE,5,64.897,8,ISNE|PGE|ISNE|PGE|ISNE|PGE|ISNE|PGE
30,1598918400,PGE,5,65.857,10,ISNE|PGE|ISNE|PGE|ISNE|PGE|ISNE|PGE|BANC|ISNE
30,1600236000,ISNE,5,69.297,7,DUK|ISNE|PGE|ISNE|PGE|BANC|ISNE
30,1601553600,ISNE,5,65.584,8,PGE|ISNE|PGE|DUK|ISNE|PGE|ISNE|PGE
30,1602871200,PGE,5,53.3,12,ISNE|PGE|ISNE|PGE|IPCO|PGE|ISNE|NYIS|ISNE|PGE|NYIS|PGE
30,1604188800,PGE,5,38.971,4,NWMT|PGE|NWMT|PGE
30,1605506400,ISNE,5,47.46,10,PGE|ISNE|PGE|ISNE|PGE|ISNE|PGE|ISNE|PGE|ISNE
30,1606824000,ISNE,5,49.218,8,PGE|ISNE|PGE|ISNE|PGE|ISNE|PGE|ISNE
30,1608141600,PGE,5,39.69,0,
30,1577836800,ISNE,6,48.2,0,
30,1579154400,ISNE,6,51.556,1,PGE
30,1580472000,ISNE,6,45.837,1,PGE
30,1581789600,PGE,6,36.054,0,
30,1583107200,PGE,6,42.213,0,
30,1584424800,ISNE,6,42.377,0,
30,1585742400,BANC,6,44.33,0,
30,1587060000,IPCO,6,33.465,1,BANC
30,1588377600,PGE,6,15.283,0,
30,1589695200,PGE,6,7.918,0,
30,1591012800,PGE,6,3.769,0,
30,1592330400,PGE,6,3.207,0,
30,1593648000,PGE,6,4.802,0,
30,1594965600,PGE,6,33.633,0,
30,1596283200,PGE,6,44.201,0,
30,1597600800,PGE,6,57.441,0,
30,1598918400,PGE,6,56.229,0,
30,1600236000,ISNE,6,62.614,0,
30,1601553600,ISNE,6,58.707,0,
30,1602871200,PGE,6,44.825,0,
30,1604188800,PGE,6,38.972,0,
30,1605506400,ISNE,6,40.835,1,PGE
30,1606824000,ISNE,6,42.761,0,
30,1608141600,PGE,6,39.69,0,
45,1577836800,ISNE,1,48.2,0,
45,1579154400,ISNE,1,53.59,0,
45,1580472000,ISNE,1,56.508,0,
45,1581789600,PGE,1,36.054,0,
45,1583107200,PGE,1,42.213,0,
45,1584424800,ISNE,1,42.377,0,
45,1585742400,BANC,1,44.33,0,
45,1587060000,IPCO,1,64.871,0,
45,1588377600,PGE,1,15.283,0,
45,1589695200,PGE,1,7.918,0,
45,1591012800,PGE,1,3.769,0,
45,1592330400,PGE,1,3.207,0,
45,1593648000,PGE,1,4.802,0,
45,1594965600,PGE,1,33.633,0,
45,1596283200,PGE,1,44.201,0,
45,1597600800,PGE,1,57.441,0,
45,1598918400,PGE,1,56.229,0,
45,1600236000,ISNE,1,62.614,0,
45,1601553600,ISNE,1,58.707,0,
45,1602871200,PGE,1,44.825,0,
45,1604188800,PGE,1,38.972,0,
45,1605506400,ISNE,1,48.474,0,
45,1606824000,ISNE,1,42.761,0,
45,1608141600,PGE,1,39.69,0,
45,1577836800,ISNE,2,64.082,10,BANC|ISNE|PGE|IPCO|PGE|ISNE|PGE|ISNE|PGE|ISNE
45,1579154400,ISNE,2,58.776,6,PGE|ISNE|PGE|ISNE|PGE|ISNE
45,1580472000,ISNE,2,74.799,19,PGE|IPCO|PGE|IPCO|PGE|ISNE|PGE|IPCO|PGE|BANC|PGE|ISNE|PGE|ISNE|PGE|ISNE|PGE|IPCO|PGE
45,1581789600,PGE,2,45.899,8,BANC|PGE|BANC|PGE|BANC|PGE|IPCO|PGE
45,1583107200,PGE,2,58.167,12,BANC|PGE|ISNE|PGE|BANC|ISNE|PGE|BANC|PGE|BANC|PGE|ISNE
45,1584424800,ISNE,2,42.377,0,
45,1585742400,BANC,2,46.508,7,IPCO|BANC|ISNE|BANC|IPCO|BANC|IPCO
45,1587060000,IPCO,2,33.525,3,BANC|IPCO|BANC
45,1588377600,PGE,2,15.006,4,ISNE|IPCO|ISNE|PGE
45,1589695200,PGE,2,7.918,0,
45,1591012800,PGE,2,3.769,0,
45,1592330400,PGE,2,4.402,2,IPCO|PGE
45,1593648000,PGE,2,4.802,0,
45,1594965600,PGE,2,48.429,11,IPCO|PGE|IPCO|PGE|IPCO|PGE|IPCO|PGE|BANC|PGE|IPCO
45,1596283200,PGE,2,53.904,8,IPCO|PGE|IPCO|BANC|PGE|IPCO|PGE|IPCO
45,1597600800,PGE,2,70.51,8,ISNE|PGE|ISNE|PGE|ISNE|PGE|ISNE|PGE
45,1598918400,PGE,2,72.798,10,ISNE|PGE|ISNE|PGE|ISNE|PGE|ISNE|PGE|BANC|ISNE
45,1600236000,ISNE,2,75.294,7,DUK|ISNE|PGE|ISNE|PGE|BANC|ISNE
45,1601553600,ISNE,2,71.073,8,PGE|ISNE|PGE|DUK|ISNE|PGE|ISNE|PGE
45,1602871200,PGE,2,58.877,12,ISNE|PGE|ISNE|PGE|IPCO|PGE|ISNE|NYIS|ISNE|PGE|NYIS|PGE
45,1604188800,PGE,2,42.513,4,NWMT|PGE|NWMT|PGE
45,1605506400,ISNE,2,54.997,11,PGE|ISNE|PGE|ISNE|PGE|ISNE|PGE|ISNE|PGE|ISNE|PGE
45,1606824000,ISNE,2,53.657,8,PGE|ISNE|PGE|ISNE|PGE|ISNE|PGE|ISNE
45,1608141600,PGE,2,39.69,0,
45,1577836800,ISNE,3,59.715,1,PGE
45,1579154400,ISNE,3,51.792,1,PGE
45,1580472000,ISNE,3,46.13,1,PGE
45,1581789600,PGE,3,36.054,0,
45,1583107200,PGE,3,42.213,0,
45,1584424800,ISNE,3,54.912,3,NYIS|ISNE|NYIS
45,1585742400,BANC,3,44.33,0,
45,1587060000,IPCO,3,34.921,2,BANC|CISO
45,1588377600,PGE,3,15.283,0,
45,1589695200,PGE,3,7.918,0,
45,1591012800,PGE,3,3.769,0,
45,1592330400,PGE,3,4.402,2,IPCO|PGE
45,1593648000,PGE,3,4.802,0,
45,1594965600,PGE,3,36.997,2,BANC|PGE
45,1596283200,PGE,3,48.241,3,BANC|PGE|IPCO
45,1597600800,PGE,3,57.441,0,
45,1598918400,PGE,3,56.229,0,
45,1600236000,ISNE,3,70.966,2,PGE|DUK
45,1601553600,ISNE,3,69.304,5,PGE|ISNE|PGE|ISNE|PGE
45,1602871200,PGE,3,48.05,2,NYIS|PGE
45,1604188800,PGE,3,43.967,3,NWMT|PGE|BANC
45,1605506400,ISNE,3,41.036,1,PGE
45,1606824000,ISNE,3,50.735,3,PGE|ISNE|PGE
45,1608141600,PGE,3,39.69,0,
45,1577836800,ISNE,4,48.2,0,
45,1579154400,ISNE,4,52.25,1,PGE
45,1580472000,ISNE,4,46.13,1,PGE
45,1581789600,PGE,4,36.054,0,
45,1583107200,PGE,4,42.213,0,
45,1584424800,ISNE,4,42.377,0,
45,1585742400,BANC,4,44.33,0,
45,1587060000,IPCO,4,33.525,1,BANC
45,1588377600,PGE,4,15.283,0,
45,1589695200,PGE,4,7.918,0,
45,1591012800,PGE,4,3.769,0,
45,1592330400,PGE,4,3.207,0,
45,1593648000,PGE,4,4.802,0,
45,1594965600,PGE,4,33.633,0,
45,1596283200,PGE,4,44.201,0,
45,1597600800,PGE,4,57.441,0,
45,1598918400,PGE,4,56.229,0,
45,1600236000,ISNE,4,62.614,0,
45,1601553600,ISNE,4,58.707,0,
45,1602871200,PGE,4,44.825,0,
45,1604188800,PGE,4,38.972,0,
45,1605506400,ISNE,4,40.635,1,PGE
45,1606824000,ISNE,4,42.761,0,
45,1608141600,PGE,4,39.69,0,
45,1577836800,ISNE,5,63.004,10,BANC|ISNE|PGE|IPCO|PGE|ISNE|PGE|ISNE|PGE|ISNE
45,1579154400,ISNE,5,58.116,6,PGE|ISNE|PGE|ISNE|PGE|ISNE
45,1580472000,ISNE,5,71.387,19,PGE|IPCO|PGE|IPCO|PGE|ISNE|PGE|IPCO|PGE|BANC|PGE|ISNE|PGE|ISNE|PGE|ISNE|PGE|IPCO|PGE
45,1581789600,PGE,5,45.221,8,BANC|PGE|BANC|PGE|BANC|PGE|IPCO|PGE
45,1583107200,PGE,5,56.128,12,BANC|PGE|ISNE|PGE|BANC|ISNE|PGE|BANC|PGE|BANC|PGE|ISNE
45,1584424800,ISNE,5,42.377,0,
45,1585742400,BANC,5,44.144,7,IPCO|BANC|ISNE|BANC|IPCO|BANC|IPCO
45,1587060000,IPCO,5,32.608,4,BANC|IPCO|BANC|IPCO
45,1588377600,PGE,5,13.961,4,ISNE|IPCO|ISNE|PGE
45,1589695200,PGE,5,7.918,0,
45,1591012800,PGE,5,3.769,0,
45,1592330400,PGE,5,4.007,2,IPCO|PGE
45,1593648000,PGE,5,4.802,0,
45,1594965600,PGE,5,47.44,11,IPCO|PGE|IPCO|PGE|IPCO|PGE|IPCO|PGE|BANC|PGE|IPCO
45,1596283200,PGE,5,52.529,8,IPCO|PGE|IPCO|BANC|PGE|IPCO|PGE|IPCO
45,1597600800,PGE,5,69.643,8,ISNE|PGE|ISNE|PGE|ISNE|PGE|ISNE|PGE
45,1598918400,PGE,5,71.961,10,ISNE|PGE|ISNE|PGE|ISNE|PGE|ISNE|PGE|BANC|ISNE
45,1600236000,ISNE,5,74.209,7,DUK|ISNE|PGE|ISNE|PGE|BANC|ISNE
45,1601553600,ISNE,5,71.897,9,PGE|ISNE|PGE|DUK|ISNE|PGE|ISNE|PGE|ISNE
45,1602871200,PGE,5,58.222,12,ISNE|PGE|ISNE|PGE|IPCO|PGE|ISNE|NYIS|ISNE|PGE|NYIS|PGE
45,1604188800,PGE,5,40.72,4,NWMT|PGE|NWMT|PGE
45,1605506400,ISNE,5,54.074,11,PGE|ISNE|PGE|ISNE|PGE|ISNE|PGE|ISNE|PGE|ISNE|PGE
45,1606824000,ISNE,5,52.947,8,PGE|ISNE|PGE|ISNE|PGE|ISNE|PGE|ISNE
45,1608141600,PGE,5,39.69,0,
45,1577836800,ISNE,6,48.2,0,
45,1579154400,ISNE,6,51.792,1,PGE
45,1580472000,ISNE,6,46.13,1,PGE
45,1581789600,PGE,6,36.054,0,
45,1583107200,PGE,6,42.213,0,
45,1584424800,ISNE,6,42.377,0,
45,1585742400,BANC,6,44.33,0,
45,1587060000,IPCO,6,33.525,1,BANC
45,1588377600,PGE,6,15.283,0,
45,1589695200,PGE,6,7.918,0,
45,1591012800,PGE,6,3.769,0,
45,1592330400,PGE,6,3.207,0,
45,1593648000,PGE,6,4.802,0,
45,1594965600,PGE,6,33.633,0,
45,1596283200,PGE,6,44.201,0,
45,1597600800,PGE,6,57.441,0,
45,1598918400,PGE,6,56.229,0,
45,1600236000,ISNE,6,62.614,0,
45,1601553600,ISNE,6,58.707,0,
45,1602871200,PGE,6,44.825,0,
45,1604188800,PGE,6,38.972,0,
45,1605506400,ISNE,6,41.036,1,PGE
45,1606824000,ISNE,6,42.761,0,
45,1608141600,PGE,6,39.69,0,
60,1577836800,ISNE,1,48.2,0,
60,1579154400,ISNE,1,53.59,0,
60,1580472000,ISNE,1,56.508,0,
60,1581789600,PGE,1,36.054,0,
60,1583107200,PGE,1,42.213,0,
60,1584424800,ISNE,1,42.377,0,
60,1585742400,BANC,1,44.33,0,
60,1587060000,IPCO,1,64.871,0,
60,1588377600,PGE,1,15.283,0,
60,1589695200,PGE,1,7.918,0,
60,1591012800,PGE,1,3.769,0,
60,1592330400,PGE,1,3.207,0,
60,1593648000,PGE,1,4.802,0,
60,1594965600,PGE,1,33.633,0,
60,1596283200,PGE,1,44.201,0,
60,1597600800,PGE,1,57.441,0,
60,1598918400,PGE,1,56.229,0,
60,1600236000,ISNE,1,62.614,0,
60,1601553600,ISNE,1,58.707,0,
60,1602871200,PGE,1,44.825,0,
60,1604188800,PGE,1,38.972,0,
60,1605506400,ISNE,1,48.474,0,
60,1606824000,ISNE,1,42.761,0,
60,1608141600,PGE,1,39.69,0,
60,1577836800,ISNE,2,68.636,10,BANC|ISNE|PGE|IPCO|PGE|ISNE|PGE|ISNE|PGE|ISNE
60,1579154400,ISNE,2,61.609,6,PGE|ISNE|PGE|ISNE|PGE|ISNE
60,1580472000,ISNE,2,85.841,20,PGE|IPCO|PGE|IPCO|PGE|ISNE|PGE|IPCO|PGE|BANC|PGE|ISNE|PGE|ISNE|PGE|ISNE|PGE|IPCO|PGE|ISNE
60,1581789600,PGE,2,49.278,8,BANC|PGE|BANC|PGE|BANC|PGE|IPCO|PGE
60,1583107200,PGE,2,65.837,13,BANC|PGE|ISNE|PGE|BANC|ISNE|PGE|BANC|PGE|BANC|PGE|ISNE|PGE
60,1584424800,ISNE,2,42.377,0,
60,1585742400,BANC,2,48.779,7,IPCO|BANC|ISNE|BANC|IPCO|BANC|IPCO
60,1587060000,IPCO,2,34.2,3,BANC|IPCO|BANC
60,1588377600,PGE,2,15.951,4,ISNE|IPCO|ISNE|PGE
60,1589695200,PGE,2,7.918,0,
60,1591012800,PGE,2,3.769,0,
60,1592330400,PGE,2,4.568,2,IPCO|PGE
60,1593648000,PGE,2,4.802,0,
60,1594965600,PGE,2,52.046,11,IPCO|PGE|IPCO|PGE|IPCO|PGE|IPCO|PGE|BANC|PGE|IPCO
60,1596283200,PGE,2,57.608,8,IPCO|PGE|IPCO|BANC|PGE|IPCO|PGE|IPCO
60,1597600800,PGE,2,75.387,8,ISNE|PGE|ISNE|PGE|ISNE|PGE|ISNE|PGE
60,1598918400,PGE,2,78.07,10,ISNE|PGE|ISNE|PGE|ISNE|PGE|ISNE|PGE|BANC|ISNE
60,1600236000,ISNE,2,79.061,7,DUK|ISNE|PGE|ISNE|PGE|BANC|ISNE
60,1601553600,ISNE,2,85.123,12,PGE|ISNE|PGE|DUK|ISNE|PGE|ISNE|PGE|ISNE|PGE|ISNE|PGE
60,1602871200,PGE,2,63.897,12,ISNE|PGE|ISNE|PGE|IPCO|PGE|ISNE|NYIS|ISNE|PGE|NYIS|PGE
60,1604188800,PGE,2,44.489,4,NWMT|PGE|NWMT|PGE
60,1605506400,ISNE,2,58.869,11,PGE|ISNE|PGE|ISNE|PGE|ISNE|PGE|ISNE|PGE|ISNE|PGE
60,1606824000,ISNE,2,59.734,9,PGE|ISNE|PGE|ISNE|PGE|ISNE|PGE|ISNE|PGE
60,1608141600,PGE,2,39.69,0,
60,1577836800,ISNE,3,60.006,1,PGE
60,1579154400,ISNE,3,52.028,1,PGE
60,1580472000,ISNE,3,46.423,1,PGE
60,1581789600,PGE,3,36.054,0,
60,1583107200,PGE,3,42.213,0,
60,1584424800,ISNE,3,55.517,3,NYIS|ISNE|NYIS
60,1585742400,BANC,3,44.33,0,
60,1587060000,IPCO,3,35.143,2,BANC|CISO
60,1588377600,PGE,3,15.283,0,
60,1589695200,PGE,3,7.918,0,
60,1591012800,PGE,3,3.769,0,
60,1592330400,PGE,3,4.568,2,IPCO|PGE
60,1593648000,PGE,3,4.802,0,
60,1594965600,PGE,3,37.478,2,BANC|PGE
60,1596283200,PGE,3,48.916,3,BANC|PGE|IPCO
60,1597600800,PGE,3,57.441,0,
60,1598918400,PGE,3,56.229,0,
60,1600236000,ISNE,3,71.606,2,PGE|DUK
60,1601553600,ISNE,3,72.19,5,PGE|ISNE|PGE|ISNE|PGE
60,1602871200,PGE,3,48.518,2,NYIS|PGE
60,1604188800,PGE,3,44.635,3,NWMT|PGE|BANC
60,1605506400,ISNE,3,41.238,1,PGE
60,1606824000,ISNE,3,51.419,3,PGE|ISNE|PGE
60,1608141600,PGE,3,39.69,0,
60,1577836800,ISNE,4,48.2,0,
60,1579154400,ISNE,4,51.755,1,PGE
60,1580472000,ISNE,4,46.423,1,PGE
60,1581789600,PGE,4,36.054,0,
60,1583107200,PGE,4,42.213,0,
60,1584424800,ISNE,4,42.377,0,
60,1585742400,BANC,4,44.33,0,
60,1587060000,IPCO,4,33.585,1,BANC
60,1588377600,PGE,4,15.283,0,
60,1589695200,PGE,4,7.918,0,
60,1591012800,PGE,4,3.769,0,
60,1592330400,PGE,4,3.207,0,
60,1593648000,PGE,4,4.802,0,
60,1594965600,PGE,4,33.633,0,
60,1596283200,PGE,4,44.201,0,
60,1597600800,PGE,4,57.441,0,
60,1598918400,PGE,4,56.229,0,
60,1600236000,ISNE,4,62.614,0,
60,1601553600,ISNE,4,58.707,0,
60,1602871200,PGE,4,44.825,0,
60,1604188800,PGE,4,38.972,0,
60,1605506400,ISNE,4,41.431,1,PGE
60,1606824000,ISNE,4,42.761,0,
60,1608141600,PGE,4,39.69,0,
60,1577836800,ISNE,5,67.426,10,BANC|ISNE|PGE|IPCO|PGE|ISNE|PGE|ISNE|PGE|ISNE
60,1579154400,ISNE,5,60.807,6,PGE|ISNE|PGE|ISNE|PGE|ISNE
60,1580472000,ISNE,5,81.542,20,PGE|IPCO|PGE|IPCO|PGE|ISNE|PGE|IPCO|PGE|BANC|PGE|ISNE|PGE|ISNE|PGE|ISNE|PGE|IPCO|PGE|ISNE
60,1581789600,PGE,5,48.521,8,BANC|PGE|BANC|PGE|BANC|PGE|IPCO|PGE
60,1583107200,PGE,5,63.464,13,BANC|PGE|ISNE|PGE|BANC|ISNE|PGE|BANC|PGE|BANC|PGE|ISNE|PGE
60,1584424800,ISNE,5,42.377,0,
60,1585742400,BANC,5,45.99,7,IPCO|BANC|ISNE|BANC|IPCO|BANC|IPCO
60,1587060000,IPCO,5,33.734,4,BANC|IPCO|BANC|IPCO
60,1588377600,PGE,5,14.816,4,ISNE|IPCO|ISNE|PGE
60,1589695200,PGE,5,7.918,0,
60,1591012800,PGE,5,3.769,0,
60,1592330400,PGE,5,4.091,2,IPCO|PGE
60,1593648000,PGE,5,4.802,0,
60,1594965600,PGE,5,50.91,11,IPCO|PGE|IPCO|PGE|IPCO|PGE|IPCO|PGE|BANC|PGE|IPCO
60,1596283200,PGE,5,56.03,8,IPCO|PGE|IPCO|BANC|PGE|IPCO|PGE|IPCO
60,1597600800,PGE,5,74.384,8,ISNE|PGE|ISNE|PGE|ISNE|PGE|ISNE|PGE
60,1598918400,PGE,5,77.107,10,ISNE|PGE|ISNE|PGE|ISNE|PGE|ISNE|PGE|BANC|ISNE
60,1600236000,ISNE,5,77.83,7,DUK|ISNE|PGE|ISNE|PGE|BANC|ISNE
60,1601553600,ISNE,5,83.518,12,PGE|ISNE|PGE|DUK|ISNE|PGE|ISNE|PGE|ISNE|PGE|ISNE|PGE
60,1602871200,PGE,5,63.156,12,ISNE|PGE|ISNE|PGE|IPCO|PGE|ISNE|NYIS|ISNE|PGE|NYIS|PGE
60,1604188800,PGE,5,42.419,4,NWMT|PGE|NWMT|PGE
60,1605506400,ISNE,5,57.831,11,PGE|ISNE|PGE|ISNE|PGE|ISNE|PGE|ISNE|PGE|ISNE|PGE
60,1606824000,ISNE,5,58.813,9,PGE|ISNE|PGE|ISNE|PGE|ISNE|PGE|ISNE|PGE
60,1608141600,PGE,5,39.69,0,
60,1577836800,ISNE,6,48.2,0,
60,1579154400,ISNE,6,52.028,1,PGE
60,1580472000,ISNE,6,46.423,1,PGE
60,1581789600,PGE,6,36.054,0,
60,1583107200,PGE,6,42.213,0,
60,1584424800,ISNE,6,42.377,0,
60,1585742400,BANC,6,44.33,0,
60,1587060000,IPCO,6,33.585,1,BANC
60,1588377600,PGE,6,15.283,0,
60,1589695200,PGE,6,7.918,0,
60,1591012800,PGE,6,3.769,0,
60,1592330400,PGE,6,3.207,0,
60,1593648000,PGE,6,4.802,0,
60,1594965600,PGE,6,33.633,0,
60,1596283200,PGE,6,44.201,0,
60,1597600800,PGE,6,57.441,0,
60,1598918400,PGE,6,56.229,0,
60,1600236000,ISNE,6,62.614,0,
60,1601553600,ISNE,6,58.707,0,
60,1602871200,PGE,6,44.825,0,
60,1604188800,PGE,6,38.972,0,
60,1605506400,ISNE,6,41.238,1,PGE
60,1606824000,ISNE,6,42.761,0,
60,1608141600,PGE,6,39.69,0,
90,1577836800,ISNE,1,48.2,0,
90,1579154400,ISNE,1,53.59,0,
90,1580472000,ISNE,1,56.508,0,
90,1581789600,PGE,1,36.054,0,
90,1583107200,PGE,1,42.213,0,
90,1584424800,ISNE,1,42.377,0,
90,1585742400,BANC,1,44.33,0,
90,1587060000,IPCO,1,64.871,0,
90,1588377600,PGE,1,15.283,0,
90,1589695200,PGE,1,7.918,0,
90,1591012800,PGE,1,3.769,0,
90,1592330400,PGE,1,3.207,0,
90,1593648000,PGE,1,4.802,0,
90,1594965600,PGE,1,33.633,0,
90,1596283200,PGE,1,44.201,0,
90,1597600800,PGE,1,57.441,0,
90,1598918400,PGE,1,56.229,0,
90,1600236000,ISNE,1,62.614,0,
90,1601553600,ISNE,1,58.707,0,
90,1602871200,PGE,1,44.825,0,
90,1604188800,PGE,1,38.972,0,
90,1605506400,ISNE,1,48.474,0,
90,1606824000,ISNE,1,42.761,0,
90,1608141600,PGE,1,39.69,0,
90,1577836800,ISNE,2,79.276,9,BANC|ISNE|PGE|IPCO|ISNE|PGE|ISNE|PGE|ISNE
90,1579154400,ISNE,2,72.257,7,PGE|ISNE|PGE|ISNE|PGE|ISNE|PGE
90,1580472000,ISNE,2,104.097,19,PGE|IPCO|PGE|IPCO|PGE|ISNE|PGE|IPCO|PGE|BANC|PGE|ISNE|PGE|ISNE|PGE|IPCO|PGE|ISNE|PGE
90,1581789600,PGE,2,59.664,9,BANC|PGE|BANC|PGE|BANC|PGE|IPCO|PGE|ISNE
90,1583107200,PGE,2,78.249,13,BANC|PGE|ISNE|PGE|BANC|ISNE|PGE|BANC|PGE|BANC|PGE|ISNE|PGE
90,1584424800,ISNE,2,42.377,0,
90,1585742400,BANC,2,54.921,7,IPCO|BANC|ISNE|BANC|IPCO|BANC|IPCO
90,1587060000,IPCO,2,37.91,4,BANC|IPCO|BANC|IPCO
90,1588377600,PGE,2,16.477,3,ISNE|IPCO|PGE
90,1589695200,PGE,2,7.918,0,
90,1591012800,PGE,2,3.769,0,
90,1592330400,PGE,2,6.247,2,IPCO|PGE
90,1593648000,PGE,2,4.802,0,
90,1594965600,PGE,2,77.69,16,IPCO|PGE|IPCO|PGE|IPCO|PGE|IPCO|PGE|BANC|PGE|IPCO|PGE|IPCO|PGE|BANC|PGE
90,1596283200,PGE,2,74.805,10,IPCO|PGE|BANC|PGE|IPCO|PGE|IPCO|PGE|IPCO|BANC
90,1597600800,PGE,2,77.567,6,ISNE|PGE|ISNE|PGE|ISNE|PGE
90,1598918400,PGE,2,90.736,10,ISNE|PGE|ISNE|PGE|ISNE|PGE|ISNE|PGE|BANC|ISNE
90,1600236000,ISNE,2,93.202,8,DUK|ISNE|PGE|ISNE|PGE|BANC|ISNE|PGE
90,1601553600,ISNE,2,92.336,10,PGE|ISNE|PGE|DUK|ISNE|PGE|ISNE|PGE|ISNE|PGE
90,1602871200,PGE,2,75.343,12,ISNE|PGE|ISNE|PGE|ISNE|NYIS|ISNE|PGE|NYIS|PGE|ISNE|PGE
90,1604188800,PGE,2,48.315,4,NWMT|PGE|NWMT|PGE
90,1605506400,ISNE,2,63.639,9,PGE|ISNE|PGE|ISNE|PGE|ISNE|PGE|ISNE|PGE
90,1606824000,ISNE,2,72.154,10,PGE|ISNE|PGE|ISNE|PGE|ISNE|PGE|ISNE|PGE|ISNE
90,1608141600,PGE,2,39.69,0,
90,1577836800,ISNE,3,61.592,1,PGE
90,1579154400,ISNE,3,53.647,1,PGE
90,1580472000,ISNE,3,48.045,1,PGE
90,1581789600,PGE,3,36.054,0,
90,1583107200,PGE,3,42.213,0,
90,1584424800,ISNE,3,59.183,3,NYIS|ISNE|NYIS
90,1585742400,BANC,3,44.33,0,
90,1587060000,IPCO,3,36.35,2,BANC|CISO
90,1588377600,PGE,3,15.283,0,
90,1589695200,PGE,3,7.918,0,
90,1591012800,PGE,3,3.769,0,
90,1592330400,PGE,3,6.247,2,IPCO|PGE
90,1593648000,PGE,3,4.802,0,
90,1594965600,PGE,3,42.323,3,BANC|PGE|IPCO
90,1596283200,PGE,3,51.465,3,BANC|PGE|IPCO
90,1597600800,PGE,3,57.441,0,
90,1598918400,PGE,3,56.229,0,
90,1600236000,ISNE,3,74.392,2,PGE|DUK
90,1601553600,ISNE,3,70.995,3,PGE|ISNE|PGE
90,1602871200,PGE,3,50.275,2,NYIS|PGE
90,1604188800,PGE,3,50.335,4,NWMT|PGE|BANC|PGE
90,1605506400,ISNE,3,42.488,1,PGE
90,1606824000,ISNE,3,55.088,3,PGE|ISNE|PGE
90,1608141600,PGE,3,39.69,0,
90,1577836800,ISNE,4,48.2,0,
90,1579154400,ISNE,4,53.59,0,
90,1580472000,ISNE,4,48.045,1,PGE
90,1581789600,PGE,4,36.054,0,
90,1583107200,PGE,4,42.213,0,
90,1584424800,ISNE,4,42.377,0,
90,1585742400,BANC,4,44.33,0,
90,1587060000,IPCO,4,34.303,1,BANC
90,1588377600,PGE,4,15.283,0,
90,1589695200,PGE,4,7.918,0,
90,1591012800,PGE,4,3.769,0,
90,1592330400,PGE,4,3.207,0,
90,1593648000,PGE,4,4.802,0,
90,1594965600,PGE,4,33.633,0,
90,1596283200,PGE,4,44.201,0,
90,1597600800,PGE,4,57.441,0,
90,1598918400,PGE,4,56.229,0,
90,1600236000,ISNE,4,62.614,0,
90,1601553600,ISNE,4,58.707,0,
90,1602871200,PGE,4,44.825,0,
90,1604188800,PGE,4,38.972,0,
90,1605506400,ISNE,4,44.506,1,PGE
90,1606824000,ISNE,4,42.761,0,
90,1608141600,PGE,4,39.69,0,
90,1577836800,ISNE,5,79.688,10,BANC|ISNE|PGE|IPCO|ISNE|PGE|ISNE|PGE|ISNE|PGE
90,1579154400,ISNE,5,70.881,7,PGE|ISNE|PGE|ISNE|PGE|ISNE|PGE
90,1580472000,ISNE,5,99.6,19,PGE|IPCO|PGE|IPCO|PGE|ISNE|PGE|IPCO|PGE|BANC|PGE|ISNE|PGE|ISNE|PGE|IPCO|PGE|ISNE|PGE
90,1581789600,PGE,5,58.617,9,BANC|PGE|BANC|PGE|BANC|PGE|IPCO|PGE|ISNE
90,1583107200,PGE,5,75.123,13,BANC|PGE|ISNE|PGE|BANC|ISNE|PGE|BANC|PGE|BANC|PGE|ISNE|PGE
90,1584424800,ISNE,5,42.377,0,
90,1585742400,BANC,5,51.283,7,IPCO|BANC|ISNE|BANC|IPCO|BANC|IPCO
90,1587060000,IPCO,5,35.719,4,BANC|IPCO|BANC|IPCO
90,1588377600,PGE,5,15.848,3,ISNE|IPCO|PGE
90,1589695200,PGE,5,7.918,0,
90,1591012800,PGE,5,3.769,0,
90,1592330400,PGE,5,4.96,2,IPCO|PGE
90,1593648000,PGE,5,4.802,0,
90,1594965600,PGE,5,75.263,16,IPCO|PGE|IPCO|PGE|IPCO|PGE|IPCO|PGE|BANC|PGE|IPCO|PGE|IPCO|PGE|BANC|PGE
90,1596283200,PGE,5,72.708,10,IPCO|PGE|BANC|PGE|IPCO|PGE|IPCO|PGE|IPCO|BANC
90,1597600800,PGE,5,76.486,6,ISNE|PGE|ISNE|PGE|ISNE|PGE
90,1598918400,PGE,5,89.589,10,ISNE|PGE|ISNE|PGE|ISNE|PGE|ISNE|PGE|BANC|ISNE
90,1600236000,ISNE,5,96.955,9,DUK|ISNE|PGE|ISNE|PGE|BANC|ISNE|PGE|ISNE
90,1601553600,ISNE,5,94.025,11,PGE|ISNE|PGE|DUK|ISNE|PGE|ISNE|PGE|ISNE|PGE|ISNE
90,1602871200,PGE,5,74.408,12,ISNE|PGE|ISNE|PGE|ISNE|NYIS|ISNE|PGE|NYIS|PGE|ISNE|PGE
90,1604188800,PGE,5,45.69,4,NWMT|PGE|NWMT|PGE
90,1605506400,ISNE,5,62.618,9,PGE|ISNE|PGE|ISNE|PGE|ISNE|PGE|ISNE|PGE
90,1606824000,ISNE,5,71.037,10,PGE|ISNE|PGE|ISNE|PGE|ISNE|PGE|ISNE|PGE|ISNE
90,1608141600,PGE,5,39.69,0,
90,1577836800,ISNE,6,48.2,0,
90,1579154400,ISNE,6,53.647,1,PGE
90,1580472000,ISNE,6,48.045,1,PGE
90,1581789600,PGE,6,36.054,0,
90,1583107200,PGE,6,42.213,0,
90,1584424800,ISNE,6,42.377,0,
90,1585742400,BANC,6,44.33,0,
90,1587060000,IPCO,6,34.303,1,BANC
90,1588377600,PGE,6,15.283,0,
90,1589695200,PGE,6,7.918,0,
90,1591012800,PGE,6,3.769,0,
90,1592330400,PGE,6,3.207,0,
90,1593648000,PGE,6,4.802,0,
90,1594965600,PGE,6,33.633,0,
90,1596283200,PGE,6,44.201,0,
90,1597600800,PGE,6,57.441,0,
90,1598918400,PGE,6,56.229,0,
90,1600236000,ISNE,6,62.614,0,
90,1601553600,ISNE,6,58.707,0,
90,1602871200,PGE,6,44.825,0,
90,1604188800,PGE,6,38.972,0,
90,1605506400,ISNE,6,42.488,1,PGE
90,1606824000,ISNE,6,42.761,0,
90,1608141600,PGE,6,39.69,0,
120,1577836800,ISNE,1,48.2,0,
120,1579154400,ISNE,1,53.59,0,
120,1580472000,ISNE,1,56.508,0,
120,1581789600,PGE,1,36.054,0,
120,1583107200,PGE,1,42.213,0,
120,1584424800,ISNE,1,42.377,0,
120,1585742400,BANC,1,44.33,0,
120,1587060000,IPCO,1,64.871,0,
120,1588377600,PGE,1,15.283,0,
120,1589695200,PGE,1,7.918,0,
120,1591012800,PGE,1,3.769,0,
120,1592330400,PGE,1,3.207,0,
120,1593648000,PGE,1,4.802,0,
120,1594965600,PGE,1,33.633,0,
120,1596283200,PGE,1,44.201,0,
120,1597600800,PGE,1,57.441,0,
120,1598918400,PGE,1,56.229,0,
120,1600236000,ISNE,1,62.614,0,
120,1601553600,ISNE,1,58.707,0,
120,1602871200,PGE,1,44.825,0,
120,1604188800,PGE,1,38.972,0,
120,1605506400,ISNE,1,48.474,0,
120,1606824000,ISNE,1,42.761,0,
120,1608141600,PGE,1,39.69,0,
120,1577836800,ISNE,2,94.067,10,BANC|ISNE|PGE|IPCO|ISNE|PGE|ISNE|PGE|ISNE|PGE
120,1579154400,ISNE,2,78.956,7,PGE|ISNE|PGE|ISNE|PGE|ISNE|PGE
120,1580472000,ISNE,2,135.954,23,PGE|IPCO|PGE|IPCO|PGE|ISNE|PGE|IPCO|PGE|BANC|PGE|ISNE|PGE|ISNE|PGE|IPCO|PGE|ISNE|PGE|IPCO|PGE|ISNE|PGE
120,1581789600,PGE,2,72.124,10,BANC|PGE|BANC|PGE|BANC|PGE|IPCO|PGE|ISNE|PGE
120,1583107200,PGE,2,101.449,16,BANC|PGE|ISNE|PGE|BANC|ISNE|PGE|BANC|PGE|BANC|PGE|ISNE|PGE|ISNE|BANC|ISNE
120,1584424800,ISNE,2,42.377,0,
120,1585742400,BANC,2,66.173,8,IPCO|BANC|ISNE|BANC|IPCO|BANC|IPCO|BANC
120,1587060000,IPCO,2,40.295,4,BANC|IPCO|BANC|IPCO
120,1588377600,PGE,2,17.809,3,ISNE|IPCO|PGE
120,1589695200,PGE,2,7.918,0,
120,1591012800,PGE,2,3.769,0,
120,1592330400,PGE,2,7.183,2,IPCO|PGE
120,1593648000,PGE,2,4.802,0,
120,1594965600,PGE,2,120.016,23,IPCO|PGE|IPCO|PGE|IPCO|PGE|IPCO|PGE|BANC|PGE|IPCO|PGE|IPCO|PGE|BANC|PGE|IPCO|PGE|IPCO|PGE|IPCO|PGE|BANC
120,1596283200,PGE,2,89.795,11,IPCO|PGE|BANC|PGE|IPCO|PGE|IPCO|PGE|IPCO|BANC|PGE
120,1597600800,PGE,2,83.956,6,ISNE|PGE|ISNE|PGE|ISNE|PGE
120,1598918400,PGE,2,127.917,13,ISNE|PGE|ISNE|PGE|ISNE|PGE|ISNE|PGE|BANC|ISNE|AZPS|ISNE|PGE
120,1600236000,ISNE,2,135.383,14,DUK|ISNE|PGE|ISNE|PGE|BANC|ISNE|PGE|ISNE|BANC|IPCO|ISNE|PGE|ISNE
120,1601553600,ISNE,2,107.912,11,PGE|ISNE|PGE|DUK|ISNE|PGE|ISNE|PGE|ISNE|PGE|ISNE
120,1602871200,PGE,2,85.809,12,ISNE|PGE|ISNE|PGE|ISNE|NYIS|ISNE|PGE|NYIS|PGE|ISNE|PGE
120,1604188800,PGE,2,52.238,4,NWMT|PGE|NWMT|PGE
120,1605506400,ISNE,2,69.858,9,PGE|ISNE|PGE|ISNE|PGE|ISNE|PGE|ISNE|PGE
120,1606824000,ISNE,2,81.287,10,PGE|ISNE|PGE|ISNE|PGE|ISNE|PGE|ISNE|PGE|ISNE
120,1608141600,PGE,2,39.69,0,
120,1577836800,ISNE,3,62.175,1,PGE
120,1579154400,ISNE,3,54.119,1,PGE
120,1580472000,ISNE,3,48.631,1,PGE
120,1581789600,PGE,3,36.054,0,
120,1583107200,PGE,3,42.213,0,
120,1584424800,ISNE,3,61.866,3,NYIS|ISNE|NYIS
120,1585742400,BANC,3,44.33,0,
120,1587060000,IPCO,3,39.996,3,BANC|CISO|IPCO
120,1588377600,PGE,3,15.283,0,
120,1589695200,PGE,3,7.918,0,
120,1591012800,PGE,3,3.769,0,
120,1592330400,PGE,3,7.183,2,IPCO|PGE
120,1593648000,PGE,3,4.802,0,
120,1594965600,PGE,3,44.583,3,BANC|PGE|IPCO
120,1596283200,PGE,3,53.605,3,BANC|PGE|IPCO
120,1597600800,PGE,3,57.441,0,
120,1598918400,PGE,3,56.229,0,
120,1600236000,ISNE,3,76.984,2,PGE|DUK
120,1601553600,ISNE,3,74.019,3,PGE|ISNE|PGE
120,1602871200,PGE,3,51.981,2,NYIS|PGE
120,1604188800,PGE,3,45.745,2,NWMT|PGE
120,1605506400,ISNE,3,42.891,1,PGE
120,1606824000,ISNE,3,57.403,3,PGE|ISNE|PGE
120,1608141600,PGE,3,39.69,0,
120,1577836800,ISNE,4,48.2,0,
120,1579154400,ISNE,4,53.59,0,
120,1580472000,ISNE,4,51.095,1,PGE
120,1581789600,PGE,4,36.054,0,
120,1583107200,PGE,4,42.213,0,
120,1584424800,ISNE,4,42.377,0,
120,1585742400,BANC,4,44.33,0,
120,1587060000,IPCO,4,34.422,1,BANC
120,1588377600,PGE,4,15.283,0,
120,1589695200,PGE,4,7.918,0,
120,1591012800,PGE,4,3.769,0,
120,1592330400,PGE,4,3.207,0,
120,1593648000,PGE,4,4.802,0,
120,1594965600,PGE,4,33.633,0,
120,1596283200,PGE,4,44.201,0,
120,1597600800,PGE,4,57.441,0,
120,1598918400,PGE,4,56.229,0,
120,1600236000,ISNE,4,62.614,0,
120,1601553600,ISNE,4,58.707,0,
120,1602871200,PGE,4,44.825,0,
120,1604188800,PGE,4,38.972,0,
120,1605506400,ISNE,4,44.7,1,PGE
120,1606824000,ISNE,4,42.761,0,
120,1608141600,PGE,4,39.69,0,
120,1577836800,ISNE,5,90.808,10,BANC|ISNE|PGE|IPCO|ISNE|PGE|ISNE|PGE|ISNE|PGE
120,1579154400,ISNE,5,77.281,7,PGE|ISNE|PGE|ISNE|PGE|ISNE|PGE
120,1580472000,ISNE,5,129.972,23,PGE|IPCO|PGE|IPCO|PGE|ISNE|PGE|IPCO|PGE|BANC|PGE|ISNE|PGE|ISNE|PGE|IPCO|PGE|ISNE|PGE|IPCO|PGE|ISNE|PGE
120,1581789600,PGE,5,70.682,10,BANC|PGE|BANC|PGE|BANC|PGE|IPCO|PGE|ISNE|PGE
120,1583107200,PGE,5,97.495,16,BANC|PGE|ISNE|PGE|BANC|ISNE|PGE|BANC|PGE|BANC|PGE|ISNE|PGE|ISNE|BANC|ISNE
120,1584424800,ISNE,5,42.377,0,
120,1585742400,BANC,5,59.941,8,IPCO|BANC|ISNE|BANC|IPCO|BANC|IPCO|BANC
120,1587060000,IPCO,5,39.774,5,BANC|IPCO|BANC|IPCO|BANC
120,1588377600,PGE,5,17.162,3,ISNE|IPCO|PGE
120,1589695200,PGE,5,7.918,0,
120,1591012800,PGE,5,3.769,0,
120,1592330400,PGE,5,5.636,2,IPCO|PGE
120,1593648000,PGE,5,4.802,0,
120,1594965600,PGE,5,115.864,23,IPCO|PGE|IPCO|PGE|IPCO|PGE|IPCO|PGE|BANC|PGE|IPCO|PGE|IPCO|PGE|BANC|PGE|IPCO|PGE|IPCO|PGE|IPCO|PGE|BANC
120,1596283200,PGE,5,86.972,11,IPCO|PGE|BANC|PGE|IPCO|PGE|IPCO|PGE|IPCO|BANC|PGE
120,1597600800,PGE,5,82.629,6,ISNE|PGE|ISNE|PGE|ISNE|PGE
120,1598918400,PGE,5,123.827,13,ISNE|PGE|ISNE|PGE|ISNE|PGE|ISNE|PGE|BANC|ISNE|AZPS|ISNE|PGE
120,1600236000,ISNE,5,131.823,14,DUK|ISNE|PGE|ISNE|PGE|BANC|ISNE|PGE|ISNE|BANC|IPCO|ISNE|PGE|ISNE
120,1601553600,ISNE,5,105.416,11,PGE|ISNE|PGE|DUK|ISNE|PGE|ISNE|PGE|ISNE|PGE|ISNE
120,1602871200,PGE,5,84.759,12,ISNE|PGE|ISNE|PGE|ISNE|NYIS|ISNE|PGE|NYIS|PGE|ISNE|PGE
120,1604188800,PGE,5,49.058,4,NWMT|PGE|NWMT|PGE
120,1605506400,ISNE,5,68.713,9,PGE|ISNE|PGE|ISNE|PGE|ISNE|PGE|ISNE|PGE
120,1606824000,ISNE,5,79.936,10,PGE|ISNE|PGE|ISNE|PGE|ISNE|PGE|ISNE|PGE|ISNE
120,1608141600,PGE,5,39.69,0,
120,1577836800,ISNE,6,48.2,0,
120,1579154400,ISNE,6,54.119,1,PGE
120,1580472000,ISNE,6,48.631,1,PGE
120,1581789600,PGE,6,36.054,0,
120,1583107200,PGE,6,42.213,0,
120,1584424800,ISNE,6,42.377,0,
120,1585742400,BANC,6,44.33,0,
120,1587060000,IPCO,6,34.422,1,BANC
120,1588377600,PGE,6,15.283,0,
120,1589695200,PGE,6,7.918,0,
120,1591012800,PGE,6,3.769,0,
120,1592330400,PGE,6,3.207,0,
120,1593648000,PGE,6,4.802,0,
120,1594965600,PGE,6,33.633,0,
120,1596283200,PGE,6,44.201,0,
120,1597600800,PGE,6,57.441,0,
120,1598918400,PGE,6,56.229,0,
120,1600236000,ISNE,6,62.614,0,
120,1601553600,ISNE,6,58.707,0,
120,1602871200,PGE,6,44.825,0,
120,1604188800,PGE,6,38.972,0,
120,1605506400,ISNE,6,42.891,1,PGE
120,1606824000,ISNE,6,42.761,0,
120,1608141600,PGE,6,39.69,0,
180,1577836800,ISNE,1,48.2,0,
180,1579154400,ISNE,1,53.59,0,
180,1580472000,ISNE,1,56.508,0,
180,1581789600,PGE,1,36.054,0,
180,1583107200,PGE,1,42.213,0,
180,1584424800,ISNE,1,42.377,0,
180,1585742400,BANC,1,44.33,0,
180,1587060000,IPCO,1,64.871,0,
180,1588377600,PGE,1,15.283,0,
180,1589695200,PGE,1,7.918,0,
180,1591012800,PGE,1,3.769,0,
180,1592330400,PGE,1,3.207,0,
180,1593648000,PGE,1,4.802,0,
180,1594965600,PGE,1,33.633,0,
180,1596283200,PGE,1,44.201,0,
180,1597600800,PGE,1,57.441,0,
180,1598918400,PGE,1,56.229,0,
180,1600236000,ISNE,1,62.614,0,
180,1601553600,ISNE,1,58.707,0,
180,1602871200,PGE,1,44.825,0,
180,1604188800,PGE,1,38.972,0,
180,1605506400,ISNE,1,48.474,0,
180,1606824000,ISNE,1,42.761,0,
180,1608141600,PGE,1,39.69,0,
180,1577836800,ISNE,2,132.639,12,BANC|ISNE|PGE|IPCO|ISNE|PGE|ISNE|PGE|ISNE|PGE|BANC|ISNE
180,1579154400,ISNE,2,93.921,7,PGE|ISNE|PGE|ISNE|PGE|ISNE|PGE
180,1580472000,ISNE,2,170.242,20,PGE|IPCO|PGE|ISNE|IPCO|PGE|BANC|PGE|ISNE|PGE|ISNE|PGE|IPCO|PGE|ISNE|PGE|IPCO|PGE|ISNE|PGE
180,1581789600,PGE,2,80.614,8,BANC|PGE|BANC|PGE|IPCO|PGE|ISNE|PGE
180,1583107200,PGE,2,150.502,19,BANC|PGE|ISNE|PGE|BANC|ISNE|PGE|BANC|PGE|BANC|PGE|ISNE|PGE|ISNE|BANC|ISNE|PGE|BANC|ISNE
180,1584424800,ISNE,2,42.377,0,
180,1585742400,BANC,2,133.823,16,IPCO|BANC|ISNE|BANC|IPCO|BANC|IPCO|BANC|NYIS|ISNE|BANC|DUK|NYIS|IPCO|BANC|NYIS
180,1587060000,IPCO,2,49.75,5,BANC|IPCO|BANC|IPCO|BANC
180,1588377600,PGE,2,20.5,3,ISNE|IPCO|PGE
180,1589695200,PGE,2,7.918,0,
180,1591012800,PGE,2,3.769,0,
180,1592330400,PGE,2,9.988,2,IPCO|PGE
180,1593648000,PGE,2,4.802,0,
180,1594965600,PGE,2,169.915,23,IPCO|PGE|IPCO|PGE|IPCO|PGE|BANC|PGE|IPCO|PGE|IPCO|BANC|PGE|IPCO|PGE|IPCO|PGE|BANC|PGE|IPCO|PGE|BANC|PGE
180,1596283200,PGE,2,100.366,9,IPCO|BANC|PGE|IPCO|PGE|IPCO|PGE|BANC|PGE
180,1597600800,PGE,2,95.602,6,ISNE|PGE|ISNE|PGE|ISNE|PGE
180,1598918400,PGE,2,163.413,13,ISNE|PGE|ISNE|PGE|ISNE|PGE|ISNE|PGE|BANC|ISNE|AZPS|PGE|ISNE
180,1600236000,ISNE,2,159.963,13,DUK|PGE|ISNE|PGE|BANC|ISNE|PGE|ISNE|BANC|ISNE|PGE|ISNE|PGE
180,1601553600,ISNE,2,140.334,12,PGE|ISNE|PGE|DUK|ISNE|PGE|ISNE|PGE|ISNE|PGE|ISNE|PGE
180,1602871200,PGE,2,97.073,10,ISNE|PGE|IPCO|PGE|ISNE|PGE|NYIS|PGE|ISNE|PGE
180,1604188800,PGE,2,60.307,4,NWMT|PGE|NWMT|PGE
180,1605506400,ISNE,2,65.142,5,PGE|ISNE|PGE|ISNE|PGE
180,1606824000,ISNE,2,118.914,13,PGE|ISNE|PGE|ISNE|PGE|ISNE|PGE|ISNE|PGE|ISNE|PGE|ISNE|PGE
180,1608141600,PGE,2,39.69,0,
180,1577836800,ISNE,3,64.429,1,PGE
180,1579154400,ISNE,3,63.483,2,PGE|NYIS
180,1580472000,ISNE,3,95.782,7,PGE|BANC|PGE|CISO|IPCO|BANC|NYIS
180,1581789600,PGE,3,36.054,0,
180,1583107200,PGE,3,42.213,0,
180,1584424800,ISNE,3,66.939,3,NYIS|ISNE|NYIS
180,1585742400,BANC,3,44.33,0,
180,1587060000,IPCO,3,45.964,4,BANC|CISO|IPCO|BANC
180,1588377600,PGE,3,15.283,0,
180,1589695200,PGE,3,7.918,0,
180,1591012800,PGE,3,3.769,0,
180,1592330400,PGE,3,9.988,2,IPCO|PGE
180,1593648000,PGE,3,4.802,0,
180,1594965600,PGE,3,50.03,3,BANC|PGE|IPCO
180,1596283200,PGE,3,76.049,5,BANC|PGE|IPCO|CISO|BANC
180,1597600800,PGE,3,57.441,0,
180,1598918400,PGE,3,56.229,0,
180,1600236000,ISNE,3,83.269,2,PGE|DUK
180,1601553600,ISNE,3,80.81,3,PGE|ISNE|PGE
180,1602871200,PGE,3,55.255,2,NYIS|PGE
180,1604188800,PGE,3,49.152,2,NWMT|PGE
180,1605506400,ISNE,3,44.591,1,PGE
180,1606824000,ISNE,3,63.257,3,PGE|ISNE|PGE
180,1608141600,PGE,3,39.69,0,
180,1577836800,ISNE,4,48.2,0,
180,1579154400,ISNE,4,53.59,0,
180,1580472000,ISNE,4,56.508,0,
180,1581789600,PGE,4,36.054,0,
180,1583107200,PGE,4,42.213,0,
180,1584424800,ISNE,4,42.377,0,
180,1585742400,BANC,4,44.33,0,
180,1587060000,IPCO,4,35.254,1,BANC
180,1588377600,PGE,4,15.283,0,
180,1589695200,PGE,4,7.918,0,
180,1591012800,PGE,4,3.769,0,
180,1592330400,PGE,4,3.207,0,
180,1593648000,PGE,4,4.802,0,
180,1594965600,PGE,4,33.633,0,
180,1596283200,PGE,4,44.201,0,
180,1597600800,PGE,4,57.441,0,
180,1598918400,PGE,4,56.229,0,
180,1600236000,ISNE,4,62.614,0,
180,1601553600,ISNE,4,58.707,0,
180,1602871200,PGE,4,44.825,0,
180,1604188800,PGE,4,38.972,0,
180,1605506400,ISNE,4,48.474,0,
180,1606824000,ISNE,4,42.761,0,
180,1608141600,PGE,4,39.69,0,
180,1577836800,ISNE,5,129.086,12,BANC|ISNE|PGE|IPCO|ISNE|PGE|ISNE|PGE|ISNE|PGE|BANC|ISNE
180,1579154400,ISNE,5,91.852,7,PGE|ISNE|PGE|ISNE|PGE|ISNE|PGE
180,1580472000,ISNE,5,162.013,20,PGE|IPCO|PGE|ISNE|IPCO|PGE|BANC|PGE|ISNE|PGE|ISNE|PGE|IPCO|PGE|ISNE|PGE|IPCO|PGE|ISNE|PGE
180,1581789600,PGE,5,78.76,8,BANC|PGE|BANC|PGE|IPCO|PGE|ISNE|PGE
180,1583107200,PGE,5,143.864,19,BANC|PGE|ISNE|PGE|BANC|ISNE|PGE|BANC|PGE|BANC|PGE|ISNE|PGE|ISNE|BANC|ISNE|PGE|BANC|ISNE
180,1584424800,ISNE,5,42.377,0,
180,1585742400,BANC,5,122.958,16,IPCO|BANC|ISNE|BANC|IPCO|BANC|IPCO|BANC|NYIS|ISNE|BANC|DUK|NYIS|IPCO|BANC|NYIS
180,1587060000,IPCO,5,45.642,5,BANC|IPCO|BANC|IPCO|BANC
180,1588377600,PGE,5,19.833,3,ISNE|IPCO|PGE
180,1589695200,PGE,5,7.918,0,
180,1591012800,PGE,5,3.769,0,
180,1592330400,PGE,5,8.475,2,IPCO|PGE
180,1593648000,PGE,5,4.802,0,
180,1594965600,PGE,5,176.426,25,IPCO|PGE|IPCO|PGE|IPCO|PGE|BANC|PGE|IPCO|PGE|IPCO|BANC|PGE|IPCO|PGE|IPCO|PGE|BANC|PGE|IPCO|PGE|BANC|PGE|BANC|PGE
180,1596283200,PGE,5,98.367,9,IPCO|BANC|PGE|IPCO|PGE|IPCO|PGE|BANC|PGE
180,1597600800,PGE,5,93.941,6,ISNE|PGE|ISNE|PGE|ISNE|PGE
180,1598918400,PGE,5,158.733,13,ISNE|PGE|ISNE|PGE|ISNE|PGE|ISNE|PGE|BANC|ISNE|AZPS|PGE|ISNE
180,1600236000,ISNE,5,157.546,13,DUK|PGE|ISNE|PGE|BANC|ISNE|PGE|ISNE|BANC|ISNE|PGE|ISNE|PGE
180,1601553600,ISNE,5,137.452,12,PGE|ISNE|PGE|DUK|ISNE|PGE|ISNE|PGE|ISNE|PGE|ISNE|PGE
180,1602871200,PGE,5,95.171,10,ISNE|PGE|IPCO|PGE|ISNE|PGE|NYIS|PGE|ISNE|PGE
180,1604188800,PGE,5,56.018,4,NWMT|PGE|NWMT|PGE
180,1605506400,ISNE,5,64.254,5,PGE|ISNE|PGE|ISNE|PGE
180,1606824000,ISNE,5,121.893,14,PGE|ISNE|PGE|ISNE|PGE|ISNE|PGE|ISNE|PGE|ISNE|PGE|ISNE|PGE|ISNE
180,1608141600,PGE,5,39.69,0,
180,1577836800,ISNE,6,48.2,0,
180,1579154400,ISNE,6,53.59,0,
180,1580472000,ISNE,6,50.987,1,PGE
180,1581789600,PGE,6,36.054,0,
180,1583107200,PGE,6,42.213,0,
180,1584424800,ISNE,6,42.377,0,
180,1585742400,BANC,6,44.33,0,
180,1587060000,IPCO,6,35.254,1,BANC
180,1588377600,PGE,6,15.283,0,
180,1589695200,PGE,6,7.918,0,
180,1591012800,PGE,6,3.769,0,
180,1592330400,PGE,6,3.207,0,
180,1593648000,PGE,6,4.802,0,
180,1594965600,PGE,6,33.633,0,
180,1596283200,PGE,6,44.201,0,
180,1597600800,PGE,6,57.441,0,
180,1598918400,PGE,6,56.229,0,
180,1600236000,ISNE,6,62.614,0,
180,1601553600,ISNE,6,58.707,0,
180,1602871200,PGE,6,44.825,0,
180,1604188800,PGE,6,38.972,0,
180,1605506400,ISNE,6,44.591,1,PGE
180,1606824000,ISNE,6,42.761,0,
180,1608141600,PGE,6,39.69,0,
240,1577836800,ISNE,1,48.2,0,
240,1579154400,ISNE,1,53.59,0,
240,1580472000,ISNE,1,56.508,0,
240,1581789600,PGE,1,36.054,0,
240,1583107200,PGE,1,42.213,0,
240,1584424800,ISNE,1,42.377,0,
240,1585742400,BANC,1,44.33,0,
240,1587060000,IPCO,1,64.871,0,
240,1588377600,PGE,1,15.283,0,
240,1589695200,PGE,1,7.918,0,
240,1591012800,PGE,1,3.769,0,
240,1592330400,PGE,1,3.207,0,
240,1593648000,PGE,1,4.802,0,
240,1594965600,PGE,1,33.633,0,
240,1596283200,PGE,1,44.201,0,
240,1597600800,PGE,1,57.441,0,
240,1598918400,PGE,1,56.229,0,
240,1600236000,ISNE,1,62.614,0,
240,1601553600,ISNE,1,58.707,0,
240,1602871200,PGE,1,44.825,0,
240,1604188800,PGE,1,38.972,0,
240,1605506400,ISNE,1,48.474,0,
240,1606824000,ISNE,1,42.761,0,
240,1608141600,PGE,1,39.69,0,
240,1577836800,ISNE,2,189.692,15,BANC|ISNE|PGE|IPCO|ISNE|PGE|ISNE|PGE|ISNE|PGE|BANC|ISNE|PGE|BANC|ISNE
240,1579154400,ISNE,2,118.685,8,PGE|ISNE|PGE|ISNE|PGE|ISNE|PGE|ISNE
240,1580472000,ISNE,2,211.34,20,PGE|IPCO|PGE|ISNE|IPCO|PGE|BANC|PGE|ISNE|PGE|ISNE|PGE|ISNE|PGE|IPCO|PGE|ISNE|PGE|BANC|PGE
240,1581789600,PGE,2,95.901,8,BANC|PGE|BANC|PGE|IPCO|PGE|ISNE|PGE
240,1583107200,PGE,2,126.025,11,BANC|PGE|ISNE|PGE|BANC|ISNE|PGE|BANC|ISNE|PGE|ISNE
240,1584424800,ISNE,2,42.377,0,
240,1585742400,BANC,2,257.922,25,IPCO|BANC|ISNE|BANC|IPCO|BANC|IPCO|BANC|NYIS|ISNE|BANC|NYIS|IPCO|BANC|NYIS|DUK|NYIS|BANC|ISNE|BANC|ISNE|IPCO|NYIS|PGE|NYIS
240,1587060000,IPCO,2,56.643,5,BANC|IPCO|BANC|IPCO|BANC
240,1588377600,PGE,2,23.163,3,ISNE|IPCO|PGE
240,1589695200,PGE,2,7.918,0,
240,1591012800,PGE,2,3.769,0,
240,1592330400,PGE,2,14.382,2,IPCO|PGE
240,1593648000,PGE,2,4.802,0,
240,1594965600,PGE,2,193.384,20,IPCO|PGE|IPCO|PGE|BANC|PGE|IPCO|PGE|BANC|PGE|IPCO|PGE|IPCO|PGE|BANC|PGE|IPCO|PGE|BANC|PGE
240,1596283200,PGE,2,101.124,7,IPCO|BANC|PGE|IPCO|PGE|BANC|PGE
240,1597600800,PGE,2,107.784,6,ISNE|PGE|ISNE|PGE|ISNE|PGE
240,1598918400,PGE,2,220.432,15,ISNE|PGE|ISNE|PGE|ISNE|PGE|ISNE|PGE|BANC|ISNE|AZPS|PGE|ISNE|PGE|ISNE
240,1600236000,ISNE,2,193.463,13,DUK|PGE|ISNE|PGE|BANC|ISNE|PGE|ISNE|BANC|ISNE|PGE|IPCO|ISNE
240,1601553600,ISNE,2,198.303,15,PGE|ISNE|PGE|DUK|ISNE|PGE|ISNE|PGE|ISNE|PGE|ISNE|PGE|ISNE|PGE|ISNE
240,1602871200,PGE,2,101.348,8,ISNE|PGE|IPCO|PGE|ISNE|PGE|ISNE|PGE
240,1604188800,PGE,2,68.407,4,NWMT|PGE|NWMT|PGE
240,1605506400,ISNE,2,72.403,5,PGE|ISNE|PGE|ISNE|PGE
240,1606824000,ISNE,2,134.816,12,PGE|ISNE|PGE|ISNE|PGE|ISNE|PGE|ISNE|PGE|ISNE|PGE|ISNE
240,1608141600,PGE,2,39.69,0,
240,1577836800,ISNE,3,66.638,1,PGE
240,1579154400,ISNE,3,77.068,3,PGE|NYIS|PGE
240,1580472000,ISNE,3,53.239,1,PGE
240,1581789600,PGE,3,36.054,0,
240,1583107200,PGE,3,42.213,0,
240,1584424800,ISNE,3,58.042,1,NYIS
240,1585742400,BANC,3,44.33,0,
240,1587060000,IPCO,3,49.234,4,BANC|CISO|IPCO|BANC
240,1588377600,PGE,3,15.283,0,
240,1589695200,PGE,3,7.918,0,
240,1591012800,PGE,3,3.769,0,
240,1592330400,PGE,3,14.382,2,IPCO|PGE
240,1593648000,PGE,3,4.802,0,
240,1594965600,PGE,3,54.847,3,BANC|PGE|IPCO
240,1596283200,PGE,3,95.932,6,BANC|PGE|IPCO|CISO|BANC|PGE
240,1597600800,PGE,3,57.441,0,
240,1598918400,PGE,3,56.229,0,
240,1600236000,ISNE,3,152.867,7,PGE|DUK|PGE|CISO|BANC|IPCO|PGE
240,1601553600,ISNE,3,87.561,3,PGE|ISNE|PGE
240,1602871200,PGE,3,58.573,2,NYIS|PGE
240,1604188800,PGE,3,52.193,2,NWMT|PGE
240,1605506400,ISNE,3,46.26,1,PGE
240,1606824000,ISNE,3,68.996,3,PGE|ISNE|PGE
240,1608141600,PGE,3,39.69,0,
240,1577836800,ISNE,4,48.2,0,
240,1579154400,ISNE,4,53.59,0,
240,1580472000,ISNE,4,56.508,0,
240,1581789600,PGE,4,36.054,0,
240,1583107200,PGE,4,42.213,0,
240,1584424800,ISNE,4,42.377,0,
240,1585742400,BANC,4,44.33,0,
240,1587060000,IPCO,4,41.035,1,BANC
240,1588377600,PGE,4,15.283,0,
240,1589695200,PGE,4,7.918,0,
240,1591012800,PGE,4,3.769,0,
240,1592330400,PGE,4,3.207,0,
240,1593648000,PGE,4,4.802,0,
240,1594965600,PGE,4,33.633,0,
240,1596283200,PGE,4,44.201,0,
240,1597600800,PGE,4,57.441,0,
240,1598918400,PGE,4,56.229,0,
240,1600236000,ISNE,4,62.614,0,
240,1601553600,ISNE,4,58.707,0,
240,1602871200,PGE,4,44.825,0,
240,1604188800,PGE,4,38.972,0,
240,1605506400,ISNE,4,48.474,0,
240,1606824000,ISNE,4,42.761,0,
240,1608141600,PGE,4,39.69,0,
240,1577836800,ISNE,5,185.486,15,BANC|ISNE|PGE|IPCO|ISNE|PGE|ISNE|PGE|ISNE|PGE|BANC|ISNE|PGE|BANC|ISNE
240,1579154400,ISNE,5,124.645,9,PGE|ISNE|PGE|ISNE|PGE|ISNE|PGE|ISNE|PGE
240,1580472000,ISNE,5,202.855,20,PGE|IPCO|PGE|ISNE|IPCO|PGE|BANC|PGE|ISNE|PGE|ISNE|PGE|ISNE|PGE|IPCO|PGE|ISNE|PGE|BANC|PGE
240,1581789600,PGE,5,93.334,8,BANC|PGE|BANC|PGE|IPCO|PGE|ISNE|PGE
240,1583107200,PGE,5,121.367,11,BANC|PGE|ISNE|PGE|BANC|ISNE|PGE|BANC|ISNE|PGE|ISNE
240,1584424800,ISNE,5,42.377,0,
240,1585742400,BANC,5,245.141,26,IPCO|BANC|ISNE|BANC|IPCO|BANC|IPCO|BANC|NYIS|ISNE|BANC|NYIS|IPCO|BANC|NYIS|DUK|NYIS|BANC|ISNE|BANC|ISNE|IPCO|NYIS|PGE|NYIS|IPCO
240,1587060000,IPCO,5,51.435,5,BANC|IPCO|BANC|IPCO|BANC
240,1588377600,PGE,5,22.296,3,ISNE|IPCO|PGE
240,1589695200,PGE,5,7.918,0,
240,1591012800,PGE,5,3.769,0,
240,1592330400,PGE,5,11.514,2,IPCO|PGE
240,1593648000,PGE,5,4.802,0,
240,1594965600,PGE,5,187.54,20,IPCO|PGE|IPCO|PGE|BANC|PGE|IPCO|PGE|BANC|PGE|IPCO|PGE|IPCO|PGE|BANC|PGE|IPCO|PGE|BANC|PGE
240,1596283200,PGE,5,99.526,7,IPCO|BANC|PGE|IPCO|PGE|BANC|PGE
240,1597600800,PGE,5,106.758,6,ISNE|PGE|ISNE|PGE|ISNE|PGE
240,1598918400,PGE,5,214.709,15,ISNE|PGE|ISNE|PGE|ISNE|PGE|ISNE|PGE|BANC|ISNE|AZPS|PGE|ISNE|PGE|ISNE
240,1600236000,ISNE,5,189.81,13,DUK|PGE|ISNE|PGE|BANC|ISNE|PGE|ISNE|BANC|ISNE|PGE|IPCO|ISNE
240,1601553600,ISNE,5,220.331,18,PGE|ISNE|PGE|DUK|ISNE|PGE|ISNE|PGE|ISNE|PGE|ISNE|PGE|ISNE|PGE|ISNE|PGE|ISNE|PGE
240,1602871200,PGE,5,98.708,8,ISNE|PGE|IPCO|PGE|ISNE|PGE|ISNE|PGE
240,1604188800,PGE,5,63.008,4,NWMT|PGE|NWMT|PGE
240,1605506400,ISNE,5,71.286,5,PGE|ISNE|PGE|ISNE|PGE
240,1606824000,ISNE,5,132.258,12,PGE|ISNE|PGE|ISNE|PGE|ISNE|PGE|ISNE|PGE|ISNE|PGE|ISNE
240,1608141600,PGE,5,39.69,0,
240,1577836800,ISNE,6,48.2,0,
240,1579154400,ISNE,6,53.59,0,
240,1580472000,ISNE,6,53.239,1,PGE
240,1581789600,PGE,6,36.054,0,
240,1583107200,PGE,6,42.213,0,
240,1584424800,ISNE,6,42.377,0,
240,1585742400,BANC,6,44.33,0,
240,1587060000,IPCO,6,36.101,1,BANC
240,1588377600,PGE,6,15.283,0,
240,1589695200,PGE,6,7.918,0,
240,1591012800,PGE,6,3.769,0,
240,1592330400,PGE,6,3.207,0,
240,1593648000,PGE,6,4.802,0,
240,1594965600,PGE,6,33.633,0,
240,1596283200,PGE,6,44.201,0,
240,1597600800,PGE,6,57.441,0,
240,1598918400,PGE,6,56.229,0,
240,1600236000,ISNE,6,62.614,0,
240,1601553600,ISNE,6,58.707,0,
240,1602871200,PGE,6,44.825,0,
240,1604188800,PGE,6,38.972,0,
240,1605506400,ISNE,6,46.26,1,PGE
240,1606824000,ISNE,6,42.761,0,
240,1608141600,PGE,6,39.69,0,
360,1577836800,ISNE,1,48.2,0,
360,1579154400,ISNE,1,53.59,0,
360,1580472000,ISNE,1,56.508,0,
360,1581789600,PGE,1,36.054,0,
360,1583107200,PGE,1,42.213,0,
360,1584424800,ISNE,1,42.377,0,
360,1585742400,BANC,1,44.33,0,
360,1587060000,IPCO,1,64.871,0,
360,1588377600,PGE,1,15.283,0,
360,1589695200,PGE,1,7.918,0,
360,1591012800,PGE,1,3.769,0,
360,1592330400,PGE,1,3.207,0,
360,1593648000,PGE,1,4.802,0,
360,1594965600,PGE,1,33.633,0,
360,1596283200,PGE,1,44.201,0,
360,1597600800,PGE,1,57.441,0,
360,1598918400,PGE,1,56.229,0,
360,1600236000,ISNE,1,62.614,0,
360,1601553600,ISNE,1,58.707,0,
360,1602871200,PGE,1,44.825,0,
360,1604188800,PGE,1,38.972,0,
360,1605506400,ISNE,1,48.474,0,
360,1606824000,ISNE,1,42.761,0,
360,1608141600,PGE,1,39.69,0,
360,1577836800,ISNE,2,242.219,14,BANC|ISNE|PGE|ISNE|PGE|ISNE|PGE|BANC|ISNE|PGE|BANC|ISNE|PGE|ISNE
360,1579154400,ISNE,2,198.712,11,PGE|ISNE|PGE|ISNE|PGE|ISNE|PGE|ISNE|PGE|ISNE|PGE
360,1580472000,ISNE,2,242.291,15,PGE|IPCO|PGE|IPCO|PGE|BANC|ISNE|PGE|IPCO|ISNE|PGE|IPCO|PGE|BANC|PGE
360,1581789600,PGE,2,180.188,12,BANC|PGE|BANC|PGE|IPCO|PGE|ISNE|PGE|ISNE|PGE|ISNE|PGE
360,1583107200,PGE,2,237.842,16,BANC|ISNE|PGE|BANC|ISNE|BANC|PGE|BANC|ISNE|PGE|ISNE|PGE|BANC|ISNE|PGE|ISNE
360,1584424800,ISNE,2,42.377,0,
360,1585742400,BANC,2,346.87,23,IPCO|BANC|ISNE|BANC|IPCO|BANC|IPCO|BANC|NYIS|BANC|DUK|BANC|NYIS|DUK|NYIS|ISNE|BANC|ISNE|IPCO|PGE|NYIS|IPCO|NYIS
360,1587060000,IPCO,2,143.958,13,BANC|IPCO|BANC|IPCO|BANC|IPCO|BANC|ISNE|BANC|IPCO|BANC|PGE|IPCO
360,1588377600,PGE,2,31.45,3,ISNE|IPCO|PGE
360,1589695200,PGE,2,7.918,0,
360,1591012800,PGE,2,3.769,0,
360,1592330400,PGE,2,20.447,2,IPCO|PGE
360,1593648000,PGE,2,4.802,0,
360,1594965600,PGE,2,255.175,19,IPCO|PGE|IPCO|PGE|BANC|PGE|IPCO|PGE|BANC|PGE|IPCO|PGE|BANC|PGE|IPCO|BANC|PGE|BANC|PGE
360,1596283200,PGE,2,159.598,9,IPCO|BANC|PGE|IPCO|PGE|BANC|PGE|BANC|PGE
360,1597600800,PGE,2,134.557,6,ISNE|PGE|ISNE|PGE|ISNE|PGE
360,1598918400,PGE,2,256.299,12,ISNE|PGE|ISNE|PGE|BANC|ISNE|AZPS|PGE|ISNE|PGE|ISNE|PGE
360,1600236000,ISNE,2,254.562,12,DUK|ISNE|PGE|BANC|ISNE|PGE|ISNE|PGE|IPCO|ISNE|PGE|ISNE
360,1601553600,ISNE,2,255.984,14,PGE|ISNE|PGE|DUK|ISNE|PGE|ISNE|PGE|ISNE|PGE|ISNE|PGE|ISNE|PGE
360,1602871200,PGE,2,110.145,6,ISNE|PGE|ISNE|PGE|ISNE|PGE
360,1604188800,PGE,2,83.456,4,NWMT|PGE|NWMT|PGE
360,1605506400,ISNE,2,89.528,5,PGE|ISNE|PGE|ISNE|PGE
360,1606824000,ISNE,2,134.661,8,PGE|ISNE|PGE|ISNE|PGE|ISNE|PGE|ISNE
360,1608141600,PGE,2,39.69,0,
360,1577836800,ISNE,3,113.257,4,PGE|ISNE|NYIS|PGE
360,1579154400,ISNE,3,89.183,3,PGE|NYIS|PGE
360,1580472000,ISNE,3,57.578,1,PGE
360,1581789600,PGE,3,36.054,0,
360,1583107200,PGE,3,42.213,0,
360,1584424800,ISNE,3,61.615,1,NYIS
360,1585742400,BANC,3,44.33,0,
360,1587060000,IPCO,3,54.914,3,BANC|CISO|BANC
360,1588377600,PGE,3,15.283,0,
360,1589695200,PGE,3,7.918,0,
360,1591012800,PGE,3,3.769,0,
360,1592330400,PGE,3,20.447,2,IPCO|PGE
360,1593648000,PGE,3,4.802,0,
360,1594965600,PGE,3,107.554,6,BANC|PGE|IPCO|PGE|BANC|IPCO
360,1596283200,PGE,3,87.429,4,BANC|PGE|IPCO|PGE
360,1597600800,PGE,3,57.441,0,
360,1598918400,PGE,3,56.229,0,
360,1600236000,ISNE,3,146.908,5,PGE|DUK|PGE|BANC|PGE
360,1601553600,ISNE,3,75.047,1,PGE
360,1602871200,PGE,3,65.265,2,NYIS|PGE
360,1604188800,PGE,3,58.16,2,NWMT|PGE
360,1605506400,ISNE,3,49.866,1,PGE
360,1606824000,ISNE,3,93.574,4,PGE|ISNE|PGE|ISNE
360,1608141600,PGE,3,39.69,0,
360,1577836800,ISNE,4,48.2,0,
360,1579154400,ISNE,4,53.59,0,
360,1580472000,ISNE,4,56.508,0,
360,1581789600,PGE,4,36.054,0,
360,1583107200,PGE,4,42.213,0,
360,1584424800,ISNE,4,42.377,0,
360,1585742400,BANC,4,44.33,0,
360,1587060000,IPCO,4,64.871,0,
360,1588377600,PGE,4,15.283,0,
360,1589695200,PGE,4,7.918,0,
360,1591012800,PGE,4,3.769,0,
360,1592330400,PGE,4,3.207,0,
360,1593648000,PGE,4,4.802,0,
360,1594965600,PGE,4,33.633,0,
360,1596283200,PGE,4,44.201,0,
360,1597600800,PGE,4,57.441,0,
360,1598918400,PGE,4,56.229,0,
360,1600236000,ISNE,4,62.614,0,
360,1601553600,ISNE,4,58.707,0,
360,1602871200,PGE,4,44.825,0,
360,1604188800,PGE,4,38.972,0,
360,1605506400,ISNE,4,48.474,0,
360,1606824000,ISNE,4,42.761,0,
360,1608141600,PGE,4,39.69,0,
360,1577836800,ISNE,5,237.899,14,BANC|ISNE|PGE|ISNE|PGE|ISNE|PGE|BANC|ISNE|PGE|BANC|ISNE|PGE|ISNE
360,1579154400,ISNE,5,194.302,11,PGE|ISNE|PGE|ISNE|PGE|ISNE|PGE|ISNE|PGE|ISNE|PGE
360,1580472000,ISNE,5,232.275,15,PGE|IPCO|PGE|IPCO|PGE|BANC|ISNE|PGE|IPCO|ISNE|PGE|IPCO|PGE|BANC|PGE
360,1581789600,PGE,5,175.334,12,BANC|PGE|BANC|PGE|IPCO|PGE|ISNE|PGE|ISNE|PGE|ISNE|PGE
360,1583107200,PGE,5,230.429,16,BANC|ISNE|PGE|BANC|ISNE|BANC|PGE|BANC|ISNE|PGE|ISNE|PGE|BANC|ISNE|PGE|ISNE
360,1584424800,ISNE,5,42.377,0,
360,1585742400,BANC,5,321.021,23,IPCO|BANC|ISNE|BANC|IPCO|BANC|IPCO|BANC|NYIS|BANC|DUK|BANC|NYIS|DUK|NYIS|ISNE|BANC|ISNE|IPCO|PGE|NYIS|IPCO|NYIS
360,1587060000,IPCO,5,131.553,13,BANC|IPCO|BANC|IPCO|BANC|IPCO|BANC|ISNE|BANC|IPCO|BANC|PGE|IPCO
360,1588377600,PGE,5,28.61,3,ISNE|IPCO|PGE
360,1589695200,PGE,5,7.918,0,
360,1591012800,PGE,5,3.769,0,
360,1592330400,PGE,5,20.35,2,IPCO|PGE
360,1593648000,PGE,5,4.802,0,
360,1594965600,PGE,5,244.496,19,IPCO|PGE|IPCO|PGE|BANC|PGE|IPCO|PGE|BANC|PGE|IPCO|PGE|BANC|PGE|IPCO|BANC|PGE|BANC|PGE
360,1596283200,PGE,5,156.039,9,IPCO|BANC|PGE|IPCO|PGE|BANC|PGE|BANC|PGE
360,1597600800,PGE,5,133.304,6,ISNE|PGE|ISNE|PGE|ISNE|PGE
360,1598918400,PGE,5,249.967,12,ISNE|PGE|ISNE|PGE|BANC|ISNE|AZPS|PGE|ISNE|PGE|ISNE|PGE
360,1600236000,ISNE,5,249.247,12,DUK|ISNE|PGE|BANC|ISNE|PGE|ISNE|PGE|IPCO|ISNE|PGE|ISNE
360,1601553600,ISNE,5,273.817,16,PGE|ISNE|PGE|DUK|ISNE|PGE|ISNE|PGE|ISNE|PGE|ISNE|PGE|ISNE|PGE|ISNE|PGE
360,1602871200,PGE,5,108.823,6,ISNE|PGE|ISNE|PGE|ISNE|PGE
360,1604188800,PGE,5,75.837,4,NWMT|PGE|NWMT|PGE
360,1605506400,ISNE,5,88.125,5,PGE|ISNE|PGE|ISNE|PGE
360,1606824000,ISNE,5,131.359,8,PGE|ISNE|PGE|ISNE|PGE|ISNE|PGE|ISNE
360,1608141600,PGE,5,39.69,0,
360,1577836800,ISNE,6,48.2,0,
360,1579154400,ISNE,6,53.59,0,
360,1580472000,ISNE,6,57.578,1,PGE
360,1581789600,PGE,6,36.054,0,
360,1583107200,PGE,6,42.213,0,
360,1584424800,ISNE,6,42.377,0,
360,1585742400,BANC,6,44.33,0,
360,1587060000,IPCO,6,37.889,1,BANC
360,1588377600,PGE,6,15.283,0,
360,1589695200,PGE,6,7.918,0,
360,1591012800,PGE,6,3.769,0,
360,1592330400,PGE,6,3.207,0,
360,1593648000,PGE,6,4.802,0,
360,1594965600,PGE,6,33.633,0,
360,1596283200,PGE,6,44.201,0,
360,1597600800,PGE,6,57.441,0,
360,1598918400,PGE,6,56.229,0,
360,1600236000,ISNE,6,62.614,0,
360,1601553600,ISNE,6,58.707,0,
360,1602871200,PGE,6,44.825,0,
360,1604188800,PGE,6,38.972,0,
360,1605506400,ISNE,6,49.866,1,PGE
360,1606824000,ISNE,6,42.761,0,
360,1608141600,PGE,6,39.69,0,
