Timestamp,Duration,Policy1_Difference,Policy2_Difference,Policy3_1_Difference,Policy3_2_Difference,Policy3_3_Difference,Policy1_Carbon_Intensity,Policy2_Carbon_Intensity,Policy3_1_Carbon_Intensity,Policy3_2_Carbon_Intensity,Policy3_3_Carbon_Intensity
2020-01-01T00:00:00+00:00,6,1.0000,1.0000,1.0000,1.0000,1.0000,656.50,656.50,656.50,656.50,656.50
2020-01-01T06:00:00+00:00,6,0.9955,0.9955,0.9972,1.0000,1.0000,785.87,785.87,784.48,782.32,782.32
2020-01-01T12:00:00+00:00,6,1.0000,1.0000,1.0000,1.0000,1.0000,624.82,624.82,624.82,624.82,624.82
2020-01-01T18:00:00+00:00,6,1.0000,1.0000,1.0000,1.0000,1.0000,542.60,542.60,542.60,542.60,542.60
2020-01-01T00:00:00+00:00,12,0.9975,0.9975,0.9985,1.0000,1.0000,1442.37,1442.37,1440.98,1438.82,1438.82
2020-01-01T06:00:00+00:00,12,0.9975,0.9975,0.9975,1.0000,1.0000,1410.69,1410.69,1410.69,1407.14,1407.14
2020-01-01T12:00:00+00:00,12,1.0000,1.0000,1.0000,1.0000,1.0000,1167.42,1167.42,1167.42,1167.42,1167.42
2020-01-01T18:00:00+00:00,12,1.0000,1.0000,1.0000,1.0000,1.0000,1182.23,1182.23,1182.23,1182.23,1182.23
2020-01-01T00:00:00+00:00,18,0.9983,0.9983,0.9983,1.0000,1.0000,2067.19,2067.19,2067.19,2063.64,2063.64
2020-01-01T06:00:00+00:00,18,0.9982,0.9982,0.9982,1.0000,1.0000,1953.29,1953.29,1953.29,1949.74,1949.74
2020-01-01T12:00:00+00:00,18,1.0000,1.0000,1.0000,1.0000,1.0000,1807.05,1807.05,1807.05,1807.05,1807.05
2020-01-01T18:00:00+00:00,18,1.0000,1.0000,1.0000,1.0000,1.0000,1907.52,1907.52,1907.52,1907.52,1907.52
2020-01-01T00:00:00+00:00,24,0.9986,0.9986,0.9986,1.0000,1.0000,2609.79,2609.79,2609.79,2606.24,2606.24
2020-01-01T06:00:00+00:00,24,0.9986,0.9986,0.9986,1.0000,1.0000,2592.92,2592.92,2592.92,2589.37,2589.37
2020-01-01T12:00:00+00:00,24,1.0000,1.0000,1.0000,1.0000,1.0000,2532.34,2532.34,2532.34,2532.34,2532.34
2020-01-01T18:00:00+00:00,24,1.0000,1.0000,1.0000,1.0000,1.0000,2480.86,2480.86,2480.86,2480.86,2480.86
2020-01-01T00:00:00+00:00,30,0.9989,0.9989,0.9989,1.0000,1.0000,3249.42,3249.42,3249.42,3245.87,3245.87
2020-01-01T06:00:00+00:00,30,0.9989,0.9989,0.9989,1.0000,1.0000,3318.21,3318.21,3318.21,3314.66,3314.66
2020-01-01T12:00:00+00:00,30,1.0000,1.0000,1.0000,1.0000,1.0000,3105.68,3105.68,3105.68,3105.68,3105.68
2020-01-01T18:00:00+00:00,30,1.0000,1.0000,1.0000,1.0000,1.0000,3194.85,3194.85,3194.85,3194.85,3194.85
2020-01-01T00:00:00+00:00,36,0.9991,0.9991,0.9991,1.0000,1.0000,3974.71,3974.71,3974.71,3971.16,3971.16
2020-01-01T06:00:00+00:00,36,0.9991,0.9991,0.9991,1.0000,1.0000,3891.55,3891.55,3891.55,3888.00,3888.00
2020-01-01T12:00:00+00:00,36,1.0000,1.0000,1.0000,1.0000,1.0000,3819.67,3819.67,3819.67,3819.67,3819.67
2020-01-01T18:00:00+00:00,36,1.0000,1.0000,1.0000,1.0000,1.0000,3841.93,3841.93,3841.93,3841.93,3841.93
2020-01-01T00:00:00+00:00,42,0.9992,0.9992,0.9992,1.0000,1.0000,4548.05,4548.05,4548.05,4544.50,4544.50
2020-01-01T06:00:00+00:00,42,0.9992,0.9992,0.9992,1.0000,1.0000,4605.54,4605.54,4605.54,4601.99,4601.99
2020-01-01T12:00:00+00:00,42,1.0000,1.0000,1.0000,1.0000,1.0000,4466.75,4466.75,4466.75,4466.75,4466.75
2020-01-01T18:00:00+00:00,42,1.0000,1.0000,1.0000,1.0000,1.0000,4647.66,4647.66,4647.66,4647.66,4647.66
2020-01-01T00:00:00+00:00,48,0.9993,0.9993,0.9993,1.0000,1.0000,5262.04,5262.04,5262.04,5258.49,5258.49
2020-01-01T06:00:00+00:00,48,0.9993,0.9993,0.9993,1.0000,1.0000,5252.62,5252.62,5252.62,5249.07,5249.07
2020-01-01T12:00:00+00:00,48,1.0000,1.0000,1.0000,1.0000,1.0000,5272.48,5272.48,5272.48,5272.48,5272.48
2020-01-01T18:00:00+00:00,48,1.0000,1.0000,1.0000,1.0000,1.0000,5280.72,5280.72,5280.72,5280.72,5280.72
2020-01-26T00:00:00+00:00,6,1.0000,1.0000,1.0000,1.0000,1.0000,562.68,562.68,562.68,562.68,562.68
2020-01-26T06:00:00+00:00,6,1.0000,1.0000,1.0000,1.0000,1.0000,540.22,540.22,540.22,540.22,540.22
2020-01-26T12:00:00+00:00,6,1.0000,1.0000,1.0000,1.0000,1.0000,544.30,544.30,544.30,544.30,544.30
2020-01-26T18:00:00+00:00,6,0.9353,0.9353,1.0000,1.0000,1.0000,497.53,497.53,465.35,465.35,465.35
2020-01-26T00:00:00+00:00,12,1.0000,1.0000,1.0000,1.0000,1.0000,1102.90,1102.90,1102.90,1102.90,1102.90
2020-01-26T06:00:00+00:00,12,1.0000,1.0000,1.0000,1.0000,1.0000,1084.52,1084.52,1084.52,1084.52,1084.52
2020-01-26T12:00:00+00:00,12,0.9691,0.9691,1.0000,1.0000,1.0000,1041.83,1041.83,1009.65,1009.65,1009.65
2020-01-26T18:00:00+00:00,12,0.9690,0.9690,0.9690,1.0000,1.0000,1036.42,1036.42,1036.42,1004.24,1004.24
2020-01-26T00:00:00+00:00,18,1.0000,1.0000,1.0000,1.0000,1.0000,1647.20,1647.20,1647.20,1647.20,1647.20
2020-01-26T06:00:00+00:00,18,0.9797,0.9797,1.0000,1.0000,1.0000,1582.05,1582.05,1549.87,1549.87,1549.87
2020-01-26T12:00:00+00:00,18,0.9796,0.9796,0.9796,1.0000,1.0000,1580.72,1580.72,1580.72,1548.54,1548.54
2020-01-26T18:00:00+00:00,18,0.9796,0.9796,0.9796,1.0000,1.0000,1574.81,1574.81,1574.81,1542.63,1542.63
2020-01-26T00:00:00+00:00,24,0.9850,0.9850,1.0000,1.0000,1.0000,2144.73,2144.73,2112.55,2112.55,2112.55
2020-01-26T06:00:00+00:00,24,0.9848,0.9848,0.9848,1.0000,1.0000,2120.94,2120.94,2120.94,2088.76,2088.76
2020-01-26T12:00:00+00:00,24,0.9848,0.9848,0.9848,1.0000,1.0000,2119.11,2119.11,2119.11,2086.93,2086.93
2020-01-26T18:00:00+00:00,24,0.9846,0.9846,0.9846,1.0000,1.0000,2091.48,2091.48,2091.48,2059.30,2059.30
2020-01-26T00:00:00+00:00,30,0.9880,0.9880,0.9880,1.0000,1.0000,2683.62,2683.62,2683.62,2651.44,2651.44
2020-01-26T06:00:00+00:00,30,0.9879,0.9879,0.9879,1.0000,1.0000,2659.33,2659.33,2659.33,2627.15,2627.15
2020-01-26T12:00:00+00:00,30,0.9878,0.9878,0.9878,1.0000,1.0000,2635.78,2635.78,2635.78,2603.60,2603.60
2020-01-26T18:00:00+00:00,30,0.9753,0.9753,0.9875,0.9875,1.0000,2613.71,2613.71,2581.36,2581.36,2549.18
2020-01-26T00:00:00+00:00,36,0.9900,0.9900,0.9900,1.0000,1.0000,3222.01,3222.01,3222.01,3189.83,3189.83
2020-01-26T06:00:00+00:00,36,0.9899,0.9899,0.9899,1.0000,1.0000,3176.00,3176.00,3176.00,3143.82,3143.82
2020-01-26T12:00:00+00:00,36,0.9796,0.9796,0.9897,0.9897,1.0000,3158.01,3158.01,3125.66,3125.66,3093.48
2020-01-26T18:00:00+00:00,36,0.9797,0.9797,0.9797,0.9898,0.9898,3181.53,3181.53,3181.53,3149.18,3149.18
2020-01-26T00:00:00+00:00,42,0.9914,0.9914,0.9914,1.0000,1.0000,3738.68,3738.68,3738.68,3706.50,3706.50
2020-01-26T06:00:00+00:00,42,0.9826,0.9826,0.9912,0.9912,1.0000,3698.23,3698.23,3665.88,3665.88,3633.70
2020-01-26T12:00:00+00:00,42,0.9827,0.9827,0.9827,0.9913,0.9913,3725.83,3725.83,3725.83,3693.48,3693.48
2020-01-26T18:00:00+00:00,42,0.9827,0.9827,0.9827,0.9913,0.9913,3734.34,3734.34,3734.34,3701.99,3701.99
2020-01-26T00:00:00+00:00,48,0.9849,0.9849,0.9924,0.9924,1.0000,4260.91,4260.91,4228.56,4228.56,4196.38
2020-01-26T06:00:00+00:00,48,0.9849,0.9849,0.9849,0.9924,0.9924,4266.05,4266.05,4266.05,4233.70,4233.70
2020-01-26T12:00:00+00:00,48,0.9849,0.9849,0.9849,0.9924,0.9924,4278.64,4278.64,4278.64,4246.29,4246.29
2020-01-26T18:00:00+00:00,48,0.9850,0.9850,0.9850,0.9925,0.9925,4303.19,4303.19,4303.19,4270.84,4270.84
2020-02-16T00:00:00+00:00,6,1.0000,1.0000,1.0000,1.0000,1.0000,576.26,576.26,576.26,576.26,576.26
2020-02-16T06:00:00+00:00,6,0.9974,0.9974,0.9974,1.0000,1.0000,634.88,634.88,634.88,633.20,633.20
2020-02-16T12:00:00+00:00,6,1.0000,1.0000,1.0000,1.0000,1.0000,548.42,548.42,548.42,548.42,548.42
2020-02-16T18:00:00+00:00,6,1.0000,1.0000,1.0000,1.0000,1.0000,558.04,558.04,558.04,558.04,558.04
2020-02-16T00:00:00+00:00,12,0.9986,0.9986,0.9986,1.0000,1.0000,1211.14,1211.14,1211.14,1209.46,1209.46
2020-02-16T06:00:00+00:00,12,0.9986,0.9986,0.9986,1.0000,1.0000,1183.30,1183.30,1183.30,1181.62,1181.62
2020-02-16T12:00:00+00:00,12,1.0000,1.0000,1.0000,1.0000,1.0000,1106.46,1106.46,1106.46,1106.46,1106.46
2020-02-16T18:00:00+00:00,12,1.0000,1.0000,1.0000,1.0000,1.0000,1144.88,1144.88,1144.88,1144.88,1144.88
2020-02-16T00:00:00+00:00,18,0.9990,0.9990,0.9990,1.0000,1.0000,1759.56,1759.56,1759.56,1757.88,1757.88
2020-02-16T06:00:00+00:00,18,0.9990,0.9990,0.9990,1.0000,1.0000,1741.34,1741.34,1741.34,1739.66,1739.66
2020-02-16T12:00:00+00:00,18,1.0000,1.0000,1.0000,1.0000,1.0000,1693.30,1693.30,1693.30,1693.30,1693.30
2020-02-16T18:00:00+00:00,18,1.0000,1.0000,1.0000,1.0000,1.0000,1717.91,1717.91,1717.91,1717.91,1717.91
2020-02-16T00:00:00+00:00,24,0.9993,0.9993,0.9993,1.0000,1.0000,2317.60,2317.60,2317.60,2315.92,2315.92
2020-02-16T06:00:00+00:00,24,0.9993,0.9993,0.9993,1.0000,1.0000,2328.18,2328.18,2328.18,2326.50,2326.50
2020-02-16T12:00:00+00:00,24,1.0000,1.0000,1.0000,1.0000,1.0000,2266.33,2266.33,2266.33,2266.33,2266.33
2020-02-16T18:00:00+00:00,24,1.0000,1.0000,1.0000,1.0000,1.0000,2275.36,2275.36,2275.36,2275.36,2275.36
2020-02-16T00:00:00+00:00,30,0.9994,0.9994,0.9994,1.0000,1.0000,2904.44,2904.44,2904.44,2902.76,2902.76
2020-02-16T06:00:00+00:00,30,0.9994,0.9994,0.9994,1.0000,1.0000,2901.21,2901.21,2901.21,2899.53,2899.53
2020-02-16T12:00:00+00:00,30,1.0000,1.0000,1.0000,1.0000,1.0000,2823.78,2823.78,2823.78,2823.78,2823.78
2020-02-16T18:00:00+00:00,30,1.0000,1.0000,1.0000,1.0000,1.0000,2852.29,2852.29,2852.29,2852.29,2852.29
2020-02-16T00:00:00+00:00,36,0.9995,0.9995,0.9995,1.0000,1.0000,3477.47,3477.47,3477.47,3475.79,3475.79
2020-02-16T06:00:00+00:00,36,0.9995,0.9995,0.9995,1.0000,1.0000,3458.66,3458.66,3458.66,3456.98,3456.98
2020-02-16T12:00:00+00:00,36,1.0000,1.0000,1.0000,1.0000,1.0000,3400.71,3400.71,3400.71,3400.71,3400.71
2020-02-16T18:00:00+00:00,36,1.0000,1.0000,1.0000,1.0000,1.0000,3372.94,3372.94,3372.94,3372.94,3372.94
2020-02-16T00:00:00+00:00,42,0.9996,0.9996,0.9996,1.0000,1.0000,4034.92,4034.92,4034.92,4033.24,4033.24
2020-02-16T06:00:00+00:00,42,0.9996,0.9996,0.9996,1.0000,1.0000,4035.59,4035.59,4035.59,4033.91,4033.91
2020-02-16T12:00:00+00:00,42,1.0000,1.0000,1.0000,1.0000,1.0000,3921.36,3921.36,3921.36,3921.36,3921.36
2020-02-16T18:00:00+00:00,42,1.0000,1.0000,1.0000,1.0000,1.0000,3922.94,3922.94,3922.94,3922.94,3922.94
2020-02-16T00:00:00+00:00,48,0.9996,0.9996,0.9996,1.0000,1.0000,4611.85,4611.85,4611.85,4610.17,4610.17
2020-02-16T06:00:00+00:00,48,0.9996,0.9996,0.9996,1.0000,1.0000,4556.24,4556.24,4556.24,4554.56,4554.56
2020-02-16T12:00:00+00:00,48,1.0000,1.0000,1.0000,1.0000,1.0000,4471.36,4471.36,4471.36,4471.36,4471.36
2020-02-16T18:00:00+00:00,48,1.0000,1.0000,1.0000,1.0000,1.0000,4479.81,4479.81,4479.81,4479.81,4479.81
2020-03-10T00:00:00+00:00,6,0.9775,0.9775,1.0000,1.0000,1.0000,633.93,633.93,619.67,619.67,619.67
2020-03-10T06:00:00+00:00,6,0.8784,0.9651,1.0000,1.0000,1.0000,755.88,688.00,663.96,663.96,663.96
2020-03-10T12:00:00+00:00,6,1.0000,1.0000,1.0000,1.0000,1.0000,610.40,610.40,610.40,610.40,610.40
2020-03-10T18:00:00+00:00,6,1.0000,1.0000,1.0000,1.0000,1.0000,698.65,698.65,698.65,698.65,698.65
2020-03-10T00:00:00+00:00,12,0.9710,0.9710,0.9710,1.0000,1.0000,1321.93,1321.93,1321.93,1283.63,1283.63
2020-03-10T06:00:00+00:00,12,0.7688,0.9815,1.0000,1.0000,1.0000,1657.54,1298.40,1274.36,1274.36,1274.36
2020-03-10T12:00:00+00:00,12,1.0000,1.0000,1.0000,1.0000,1.0000,1309.05,1309.05,1309.05,1309.05,1309.05
2020-03-10T18:00:00+00:00,12,0.9488,0.9488,1.0000,1.0000,1.0000,1368.03,1368.03,1298.01,1298.01,1298.01
2020-03-10T00:00:00+00:00,18,0.9802,0.9802,0.9802,1.0000,1.0000,1932.33,1932.33,1932.33,1894.03,1894.03
2020-03-10T06:00:00+00:00,18,0.7776,0.9880,1.0000,1.0000,1.0000,2537.20,1997.05,1973.01,1973.01,1973.01
2020-03-10T12:00:00+00:00,18,0.9646,0.9646,1.0000,1.0000,1.0000,1978.43,1978.43,1908.41,1908.41,1908.41
2020-03-10T18:00:00+00:00,18,0.9091,0.9091,0.9678,1.0000,1.0000,2052.82,2052.82,1928.33,1866.28,1866.28
2020-03-10T00:00:00+00:00,24,0.9854,0.9854,0.9854,1.0000,1.0000,2630.98,2630.98,2630.98,2592.68,2592.68
2020-03-10T06:00:00+00:00,24,0.7852,0.9647,0.9907,1.0000,1.0000,3275.99,2666.43,2596.41,2572.37,2572.37
2020-03-10T12:00:00+00:00,24,0.9300,0.9300,0.9756,1.0000,1.0000,2663.22,2663.22,2538.73,2476.68,2476.68
2020-03-10T18:00:00+00:00,24,0.9292,0.9292,0.9292,1.0000,1.0000,2633.60,2633.60,2633.60,2447.06,2447.06
2020-03-10T00:00:00+00:00,30,0.9672,0.9672,0.9881,0.9881,1.0000,3300.36,3300.36,3230.34,3230.34,3192.04
2020-03-10T06:00:00+00:00,30,0.8040,0.9372,0.9733,0.9924,1.0000,3906.31,3351.22,3226.73,3164.68,3140.64
2020-03-10T12:00:00+00:00,30,0.9425,0.9425,0.9425,1.0000,1.0000,3244.00,3244.00,3244.00,3057.46,3057.46
2020-03-10T18:00:00+00:00,30,0.9432,0.9432,0.9432,1.0000,1.0000,3285.87,3285.87,3285.87,3099.33,3099.33
2020-03-10T00:00:00+00:00,36,0.9436,0.9436,0.9740,0.9899,0.9899,3985.15,3985.15,3860.66,3798.61,3798.61
2020-03-10T06:00:00+00:00,36,0.7913,0.9464,0.9523,0.9936,1.0000,4702.98,3932.00,3907.96,3745.46,3721.42
2020-03-10T12:00:00+00:00,36,0.9521,0.9521,0.9521,1.0000,1.0000,3896.27,3896.27,3896.27,3709.73,3709.73
2020-03-10T18:00:00+00:00,36,0.9525,0.9525,0.9525,1.0000,1.0000,3926.32,3926.32,3926.32,3739.78,3739.78
2020-03-10T00:00:00+00:00,42,0.9508,0.9508,0.9508,0.9913,0.9913,4565.93,4565.93,4565.93,4379.39,4379.39
2020-03-10T06:00:00+00:00,42,0.7836,0.9541,0.9591,0.9945,1.0000,5581.39,4584.27,4560.23,4397.73,4373.69
2020-03-10T12:00:00+00:00,42,0.9589,0.9589,0.9589,1.0000,1.0000,4536.72,4536.72,4536.72,4350.18,4350.18
2020-03-10T18:00:00+00:00,42,0.9588,0.9588,0.9588,1.0000,1.0000,4528.76,4528.76,4528.76,4342.22,4342.22
2020-03-10T00:00:00+00:00,48,0.9569,0.9569,0.9569,0.9924,0.9924,5218.20,5218.20,5218.20,5031.66,5031.66
2020-03-10T06:00:00+00:00,48,0.7851,0.9597,0.9641,0.9952,1.0000,6386.84,5224.72,5200.68,5038.18,5014.14
2020-03-10T12:00:00+00:00,48,0.9637,0.9637,0.9637,1.0000,1.0000,5139.16,5139.16,5139.16,4952.62,4952.62
2020-03-10T18:00:00+00:00,48,0.9633,0.9633,0.9633,1.0000,1.0000,5082.55,5082.55,5082.55,4896.01,4896.01
2020-03-31T00:00:00+00:00,6,0.6928,0.9684,1.0000,1.0000,1.0000,1124.01,804.12,778.72,778.72,778.72
2020-03-31T06:00:00+00:00,6,0.9767,0.9767,1.0000,1.0000,1.0000,752.09,752.09,734.58,734.58,734.58
2020-03-31T12:00:00+00:00,6,0.7428,0.7428,1.0000,1.0000,1.0000,877.36,877.36,651.72,651.72,651.72
2020-03-31T18:00:00+00:00,6,1.0000,1.0000,1.0000,1.0000,1.0000,639.06,639.06,639.06,639.06,639.06
2020-03-31T00:00:00+00:00,12,0.6250,0.9724,0.9886,1.0000,1.0000,2421.27,1556.21,1530.81,1513.30,1513.30
2020-03-31T06:00:00+00:00,12,0.8795,0.8795,0.9272,1.0000,1.0000,1576.23,1576.23,1495.17,1386.30,1386.30
2020-03-31T12:00:00+00:00,12,0.7195,0.7879,1.0000,1.0000,1.0000,1793.94,1638.15,1290.78,1290.78,1290.78
2020-03-31T18:00:00+00:00,12,0.7333,0.8152,1.0000,1.0000,1.0000,1669.42,1501.63,1224.11,1224.11,1224.11
2020-03-31T00:00:00+00:00,18,0.6330,0.9095,0.9193,0.9884,1.0000,3420.36,2380.35,2354.95,2190.42,2165.02
2020-03-31T06:00:00+00:00,18,0.8466,0.8466,0.9490,1.0000,1.0000,2392.23,2392.23,2134.23,2025.36,2025.36
2020-03-31T12:00:00+00:00,18,0.7885,0.7885,0.8438,1.0000,1.0000,2378.99,2378.99,2223.20,1875.83,1875.83
2020-03-31T18:00:00+00:00,18,0.6629,0.8536,0.9750,0.9750,1.0000,2870.05,2228.85,1951.33,1951.33,1902.57
2020-03-31T00:00:00+00:00,24,0.6908,0.8773,0.9334,0.9910,1.0000,4059.42,3196.35,3004.11,2829.48,2804.08
2020-03-31T06:00:00+00:00,24,0.7937,0.8101,0.8768,0.9600,1.0000,3288.85,3222.44,2977.28,2719.28,2610.41
2020-03-31T12:00:00+00:00,24,0.8223,0.8223,0.8657,0.9813,0.9813,3106.21,3106.21,2950.42,2603.05,2603.05
2020-03-31T18:00:00+00:00,24,0.6579,0.8697,0.9631,0.9800,0.9816,3784.30,2862.45,2584.93,2540.42,2536.17
2020-03-31T00:00:00+00:00,30,0.6659,0.8280,0.8963,0.9443,0.9926,5089.78,4092.97,3781.40,3589.16,3414.53
2020-03-31T06:00:00+00:00,30,0.7764,0.8327,0.8878,0.9543,0.9854,4235.81,3949.66,3704.50,3446.50,3337.63
2020-03-31T12:00:00+00:00,30,0.8400,0.8400,0.8765,0.9705,0.9841,3739.81,3739.81,3584.02,3236.65,3192.14
2020-03-31T18:00:00+00:00,30,0.7058,0.8564,0.9270,0.9819,0.9819,4424.22,3646.23,3368.71,3180.34,3180.34
2020-03-31T00:00:00+00:00,36,0.6466,0.8279,0.9022,0.9424,0.9821,6290.41,4913.19,4508.62,4316.38,4141.75
2020-03-31T06:00:00+00:00,36,0.7350,0.8457,0.8935,0.9499,0.9760,5273.13,4583.26,4338.10,4080.10,3971.23
2020-03-31T12:00:00+00:00,36,0.8344,0.8344,0.8706,0.9388,0.9850,4523.59,4523.59,4335.22,4020.43,3832.06
2020-03-31T18:00:00+00:00,36,0.6759,0.8770,0.9380,0.9380,0.9848,5536.46,4266.73,3989.21,3989.21,3799.60
2020-03-31T00:00:00+00:00,42,0.6461,0.8392,0.9052,0.9403,0.9747,7204.66,5546.79,5142.22,4949.98,4775.35
2020-03-31T06:00:00+00:00,42,0.7067,0.8401,0.8803,0.9270,0.9644,6380.78,5367.04,5121.88,4863.88,4675.51
2020-03-31T12:00:00+00:00,42,0.8541,0.8541,0.8808,0.9467,0.9467,5144.09,5144.09,4988.30,4640.93,4640.93
2020-03-31T18:00:00+00:00,42,0.6617,0.8958,0.9480,0.9480,0.9874,6813.90,5033.80,4756.28,4756.28,4566.67
2020-03-31T00:00:00+00:00,48,0.6741,0.8353,0.8923,0.9222,0.9535,7844.58,6330.57,5926.00,5733.76,5545.39
2020-03-31T06:00:00+00:00,48,0.6854,0.8565,0.8931,0.9351,0.9540,7482.35,5987.54,5742.38,5484.38,5375.51
2020-03-31T12:00:00+00:00,48,0.8731,0.8731,0.8967,0.9543,0.9543,5911.16,5911.16,5755.37,5408.00,5408.00
2020-03-31T18:00:00+00:00,48,0.6614,0.8811,0.9257,0.9536,0.9588,7678.65,5764.35,5486.83,5326.23,5297.22
2020-04-21T00:00:00+00:00,6,0.9953,0.9953,0.9953,1.0000,1.0000,478.94,478.94,478.94,476.67,476.67
2020-04-21T06:00:00+00:00,6,0.9873,0.9873,0.9921,1.0000,1.0000,560.59,560.59,557.88,553.45,553.45
2020-04-21T12:00:00+00:00,6,0.9314,0.9330,0.9945,0.9973,0.9975,500.46,499.60,468.75,467.39,467.34
2020-04-21T18:00:00+00:00,6,1.0000,1.0000,1.0000,1.0000,1.0000,307.56,307.56,307.56,307.56,307.56
2020-04-21T00:00:00+00:00,12,0.9909,0.9909,0.9935,0.9978,0.9978,1039.53,1039.53,1036.82,1032.39,1032.39
2020-04-21T06:00:00+00:00,12,0.9609,0.9609,0.9791,0.9932,0.9932,1061.05,1061.05,1041.39,1026.63,1026.58
2020-04-21T12:00:00+00:00,12,0.9575,0.9575,0.9760,0.9967,0.9984,808.02,808.02,792.77,776.31,774.95
2020-04-21T18:00:00+00:00,12,2.4619,2.4619,1.1244,1.1323,1.1323,308.78,308.78,676.07,671.37,671.37
2020-04-21T00:00:00+00:00,18,0.9716,0.9716,0.9842,0.9938,0.9939,1539.99,1539.99,1520.33,1505.57,1505.52
2020-04-21T06:00:00+00:00,18,0.9697,0.9697,0.9697,0.9838,0.9947,1368.61,1368.61,1368.61,1348.95,1334.19
2020-04-21T12:00:00+00:00,18,1.5154,1.5154,1.0423,1.0560,1.0712,809.24,809.24,1176.53,1161.28,1144.82
2020-04-21T18:00:00+00:00,18,4.6257,4.6257,1.0203,1.0607,1.0663,308.78,308.78,1399.93,1346.63,1339.50
2020-04-21T00:00:00+00:00,24,0.9763,0.9763,0.9763,0.9868,0.9949,1847.55,1847.55,1847.55,1827.89,1813.13
2020-04-21T06:00:00+00:00,24,1.2993,1.2993,1.0246,1.0273,1.0363,1369.83,1369.83,1737.12,1732.42,1717.46
2020-04-21T12:00:00+00:00,24,2.3411,2.3411,0.9969,1.0257,1.0342,809.24,809.24,1900.39,1847.09,1831.84
2020-04-21T18:00:00+00:00,24,6.2088,6.2088,0.9272,1.0150,1.0440,308.78,308.78,2067.75,1888.75,1836.28
2020-04-21T00:00:00+00:00,30,1.2205,1.2205,1.0182,1.0204,1.0273,1848.77,1848.77,2216.06,2211.36,2196.40
2020-04-21T06:00:00+00:00,30,1.7870,1.7870,0.9947,1.0167,1.0197,1369.83,1369.83,2460.98,2407.68,2400.55
2020-04-21T12:00:00+00:00,30,2.9451,2.9451,0.9280,0.9975,1.0199,809.24,809.24,2568.21,2389.21,2336.74
2020-04-21T18:00:00+00:00,30,7.8411,7.8411,0.8889,0.9514,1.0119,308.78,308.78,2723.85,2544.85,2392.78
2020-04-21T00:00:00+00:00,36,1.5819,1.5819,0.9948,1.0132,1.0157,1848.77,1848.77,2939.92,2886.62,2879.49
2020-04-21T06:00:00+00:00,36,2.1439,2.1439,0.9386,0.9956,1.0136,1369.83,1369.83,3128.80,2949.80,2897.33
2020-04-21T12:00:00+00:00,36,3.5680,3.5680,0.8955,0.9481,0.9980,809.24,809.24,3224.31,3045.31,2893.24
2020-04-21T18:00:00+00:00,36,6.4629,6.4629,0.7789,0.9181,0.9873,426.70,426.70,3540.59,3003.65,2793.25
2020-04-21T00:00:00+00:00,42,1.8463,1.8463,0.9461,0.9955,1.0110,1848.77,1848.77,3607.74,3428.74,3376.27
2020-04-21T06:00:00+00:00,42,2.5118,2.5118,0.9091,0.9542,0.9962,1369.83,1369.83,3784.90,3605.90,3453.83
2020-04-21T12:00:00+00:00,42,3.4771,3.4771,0.7978,0.9200,0.9788,927.16,927.16,4041.05,3504.11,3293.71
2020-04-21T18:00:00+00:00,42,3.2084,3.2084,0.7844,0.9323,0.9896,1055.50,1055.50,4317.48,3632.45,3422.05
2020-04-21T00:00:00+00:00,48,2.1189,2.1189,0.9188,0.9590,0.9961,1848.77,1848.77,4263.84,4084.84,3932.77
2020-04-21T06:00:00+00:00,48,2.5389,2.5389,0.8209,0.9293,0.9800,1487.75,1487.75,4601.64,4064.70,3854.30
2020-04-21T12:00:00+00:00,48,2.4761,2.4761,0.7996,0.9322,0.9822,1555.96,1555.96,4817.94,4132.91,3922.51
2020-04-21T18:00:00+00:00,48,2.3605,2.3605,0.7850,0.9268,0.9751,1665.72,1665.72,5008.76,4242.67,4032.27
2020-05-12T00:00:00+00:00,6,0.6016,0.9626,1.0000,1.0000,1.0000,938.48,586.48,564.55,564.55,564.55
2020-05-12T06:00:00+00:00,6,0.9402,0.9578,1.0000,1.0000,1.0000,662.09,649.96,622.50,622.50,622.50
2020-05-12T12:00:00+00:00,6,0.8156,0.8634,0.9962,1.0000,1.0000,672.71,635.45,550.79,548.67,548.67
2020-05-12T18:00:00+00:00,6,1.0000,1.0000,1.0000,1.0000,1.0000,449.21,449.21,449.21,449.21,449.21
2020-05-12T00:00:00+00:00,12,0.6141,0.9601,0.9774,0.9819,1.0000,1932.88,1236.44,1214.51,1208.98,1187.05
2020-05-12T06:00:00+00:00,12,0.8781,0.8855,0.9754,0.9982,1.0000,1333.78,1322.67,1200.75,1173.29,1171.17
2020-05-12T12:00:00+00:00,12,0.7326,0.8448,0.9712,1.0000,1.0000,1362.11,1181.20,1027.44,997.88,997.88
2020-05-12T18:00:00+00:00,12,0.7534,0.8006,1.0000,1.0000,1.0000,1292.92,1216.73,974.10,974.10,974.10
2020-05-12T00:00:00+00:00,18,0.6513,0.9092,0.9712,0.9832,0.9863,2664.87,1909.15,1787.23,1765.30,1759.77
2020-05-12T06:00:00+00:00,18,0.7879,0.8053,0.9660,0.9833,1.0000,2056.47,2012.07,1677.40,1647.84,1620.38
2020-05-12T12:00:00+00:00,18,0.8059,0.8059,0.8925,0.9810,1.0000,1889.44,1889.44,1706.09,1552.33,1522.77
2020-05-12T18:00:00+00:00,18,0.6727,0.8538,0.9930,0.9930,1.0000,2196.49,1730.62,1487.99,1487.99,1477.60
2020-05-12T00:00:00+00:00,24,0.7016,0.8408,0.9651,0.9779,0.9876,3114.08,2598.55,2263.88,2234.32,2212.39
2020-05-12T06:00:00+00:00,24,0.7719,0.8448,0.8563,0.9741,0.9874,2779.03,2539.40,2505.15,2202.29,2172.73
2020-05-12T12:00:00+00:00,24,0.8431,0.8431,0.9127,0.9807,0.9949,2403.33,2403.33,2219.98,2066.22,2036.66
2020-05-12T18:00:00+00:00,24,0.7004,0.8638,0.9658,0.9948,0.9948,2833.05,2297.00,2054.37,1994.60,1994.60
2020-05-12T00:00:00+00:00,30,0.6847,0.8669,0.8730,0.9717,0.9821,3957.79,3125.88,3103.95,2788.77,2759.21
2020-05-12T06:00:00+00:00,30,0.7856,0.8675,0.8774,0.9752,0.9859,3371.82,3053.29,3019.04,2716.18,2686.62
2020-05-12T12:00:00+00:00,30,0.8529,0.8529,0.9090,0.9621,0.9845,2969.71,2969.71,2786.36,2632.60,2572.83
2020-05-12T18:00:00+00:00,30,0.7379,0.8291,0.9053,0.9957,0.9957,3239.22,2882.95,2640.32,2400.77,2400.77
2020-05-12T00:00:00+00:00,36,0.6610,0.8828,0.8882,0.9729,0.9817,4861.36,3639.77,3617.84,3302.66,3273.10
2020-05-12T06:00:00+00:00,36,0.7890,0.8717,0.8864,0.9613,0.9791,3999.16,3619.67,3559.90,3282.56,3222.79
2020-05-12T12:00:00+00:00,36,0.8266,0.8266,0.8863,0.9382,0.9866,3555.66,3555.66,3316.11,3132.76,2979.00
2020-05-12T18:00:00+00:00,36,0.7192,0.8465,0.9104,0.9154,0.9907,4064.40,3453.51,3210.88,3193.33,2950.70
2020-05-12T00:00:00+00:00,42,0.6766,0.8844,0.8972,0.9615,0.9765,5497.92,4206.15,4146.38,3869.04,3809.27
2020-05-12T06:00:00+00:00,42,0.7667,0.8469,0.8980,0.9207,0.9814,4645.28,4205.62,3966.07,3868.51,3628.96
2020-05-12T12:00:00+00:00,42,0.8414,0.8414,0.8806,0.9163,0.9428,4126.22,4126.22,3942.87,3789.11,3682.69
2020-05-12T18:00:00+00:00,42,0.6849,0.8610,0.9168,0.9211,0.9853,5010.14,3985.51,3742.88,3725.33,3482.70
2020-05-12T00:00:00+00:00,48,0.6989,0.8610,0.9063,0.9262,0.9788,5904.09,4792.10,4552.55,4454.99,4215.44
2020-05-12T06:00:00+00:00,48,0.7747,0.8573,0.8635,0.9224,0.9285,5285.45,4776.18,4741.93,4439.07,4409.51
2020-05-12T12:00:00+00:00,48,0.8544,0.8544,0.8894,0.9211,0.9443,4658.22,4658.22,4474.87,4321.11,4214.69
2020-05-12T18:00:00+00:00,48,0.7015,0.8554,0.9023,0.9277,0.9587,5694.06,4669.45,4426.82,4305.83,4166.64
2020-06-02T00:00:00+00:00,6,0.9999,0.9999,0.9999,1.0000,1.0000,430.85,430.85,430.85,430.82,430.82
2020-06-02T06:00:00+00:00,6,1.0000,1.0000,1.0000,1.0000,1.0000,384.20,384.20,384.20,384.20,384.20
2020-06-02T12:00:00+00:00,6,1.0000,1.0000,1.0000,1.0000,1.0000,465.91,465.91,465.91,465.91,465.91
2020-06-02T18:00:00+00:00,6,1.0000,1.0000,1.0000,1.0000,1.0000,488.67,488.67,488.67,488.67,488.67
2020-06-02T00:00:00+00:00,12,1.0000,1.0000,1.0000,1.0000,1.0000,815.05,815.05,815.05,815.02,815.02
2020-06-02T06:00:00+00:00,12,1.0000,1.0000,1.0000,1.0000,1.0000,850.11,850.11,850.11,850.11,850.11
2020-06-02T12:00:00+00:00,12,1.0000,1.0000,1.0000,1.0000,1.0000,954.58,954.58,954.58,954.58,954.58
2020-06-02T18:00:00+00:00,12,1.0000,1.0000,1.0000,1.0000,1.0000,898.03,898.03,898.03,898.03,898.03
2020-06-02T00:00:00+00:00,18,1.0000,1.0000,1.0000,1.0000,1.0000,1280.96,1280.96,1280.96,1280.93,1280.93
2020-06-02T06:00:00+00:00,18,1.0000,1.0000,1.0000,1.0000,1.0000,1338.78,1338.78,1338.78,1338.78,1338.78
2020-06-02T12:00:00+00:00,18,1.0000,1.0000,1.0000,1.0000,1.0000,1363.94,1363.94,1363.94,1363.94,1363.94
2020-06-02T18:00:00+00:00,18,1.0000,1.0000,1.0000,1.0000,1.0000,1291.92,1291.92,1291.92,1291.92,1291.92
2020-06-02T00:00:00+00:00,24,1.0000,1.0000,1.0000,1.0000,1.0000,1769.63,1769.63,1769.63,1769.60,1769.60
2020-06-02T06:00:00+00:00,24,1.0000,1.0000,1.0000,1.0000,1.0000,1748.14,1748.14,1748.14,1748.14,1748.14
2020-06-02T12:00:00+00:00,24,1.0000,1.0000,1.0000,1.0000,1.0000,1757.83,1757.83,1757.83,1757.83,1757.83
2020-06-02T18:00:00+00:00,24,1.0000,1.0000,1.0000,1.0000,1.0000,1758.01,1758.01,1758.01,1758.01,1758.01
2020-06-02T00:00:00+00:00,30,1.0000,1.0000,1.0000,1.0000,1.0000,2178.99,2178.99,2178.99,2178.96,2178.96
2020-06-02T06:00:00+00:00,30,1.0000,1.0000,1.0000,1.0000,1.0000,2142.03,2142.03,2142.03,2142.03,2142.03
2020-06-02T12:00:00+00:00,30,1.0000,1.0000,1.0000,1.0000,1.0000,2223.92,2223.92,2223.92,2223.92,2223.92
2020-06-02T18:00:00+00:00,30,1.0000,1.0000,1.0000,1.0000,1.0000,2240.80,2240.80,2240.80,2240.80,2240.80
2020-06-02T00:00:00+00:00,36,1.0000,1.0000,1.0000,1.0000,1.0000,2572.88,2572.88,2572.88,2572.85,2572.85
2020-06-02T06:00:00+00:00,36,1.0000,1.0000,1.0000,1.0000,1.0000,2608.12,2608.12,2608.12,2608.12,2608.12
2020-06-02T12:00:00+00:00,36,1.0000,1.0000,1.0000,1.0000,1.0000,2706.71,2706.71,2706.71,2706.71,2706.71
2020-06-02T18:00:00+00:00,36,1.0000,1.0000,1.0000,1.0000,1.0000,2711.83,2711.83,2711.83,2711.83,2711.83
2020-06-02T00:00:00+00:00,42,1.0000,1.0000,1.0000,1.0000,1.0000,3038.97,3038.97,3038.97,3038.94,3038.94
2020-06-02T06:00:00+00:00,42,1.0000,1.0000,1.0000,1.0000,1.0000,3090.91,3090.91,3090.91,3090.91,3090.91
2020-06-02T12:00:00+00:00,42,1.0000,1.0000,1.0000,1.0000,1.0000,3177.74,3177.74,3177.74,3177.74,3177.74
2020-06-02T18:00:00+00:00,42,1.0000,1.0000,1.0000,1.0000,1.0000,3192.06,3192.06,3192.06,3192.06,3192.06
2020-06-02T00:00:00+00:00,48,1.0000,1.0000,1.0000,1.0000,1.0000,3521.76,3521.76,3521.76,3521.73,3521.73
2020-06-02T06:00:00+00:00,48,1.0000,1.0000,1.0000,1.0000,1.0000,3561.94,3561.94,3561.94,3561.94,3561.94
2020-06-02T12:00:00+00:00,48,1.0000,1.0000,1.0000,1.0000,1.0000,3657.97,3657.97,3657.97,3657.97,3657.97
2020-06-02T18:00:00+00:00,48,1.0000,1.0000,1.0000,1.0000,1.0000,3748.91,3748.91,3748.91,3748.91,3748.91
2020-06-23T00:00:00+00:00,6,0.9993,0.9993,0.9993,1.0000,1.0000,781.08,781.08,781.08,780.51,780.51
2020-06-23T06:00:00+00:00,6,1.0000,1.0000,1.0000,1.0000,1.0000,831.48,831.48,831.48,831.48,831.48
2020-06-23T12:00:00+00:00,6,0.8022,0.8993,1.0000,1.0000,1.0000,1039.26,927.05,833.74,833.74,833.74
2020-06-23T18:00:00+00:00,6,0.7045,0.9988,1.0000,1.0000,1.0000,895.23,631.40,630.67,630.67,630.67
2020-06-23T00:00:00+00:00,12,0.9996,0.9996,0.9996,1.0000,1.0000,1612.56,1612.56,1612.56,1611.99,1611.99
2020-06-23T06:00:00+00:00,12,0.9713,0.9713,0.9855,1.0000,1.0000,1714.49,1714.49,1689.79,1665.22,1665.22
2020-06-23T12:00:00+00:00,12,0.6895,0.9670,0.9829,1.0000,1.0000,2123.85,1514.41,1489.84,1464.41,1464.41
2020-06-23T18:00:00+00:00,12,0.6423,0.9995,1.0000,1.0000,1.0000,2201.50,1414.73,1414.00,1414.00,1414.00
2020-06-23T00:00:00+00:00,18,0.9800,0.9800,0.9898,0.9998,0.9998,2495.57,2495.57,2470.87,2446.30,2446.30
2020-06-23T06:00:00+00:00,18,0.9787,0.9787,0.9787,0.9894,1.0000,2345.89,2345.89,2345.89,2320.46,2295.89
2020-06-23T12:00:00+00:00,18,0.7267,0.9782,0.9888,1.0000,1.0000,3092.91,2297.74,2273.17,2247.74,2247.74
2020-06-23T18:00:00+00:00,18,0.6877,0.9997,1.0000,1.0000,1.0000,3376.91,2323.10,2322.37,2322.37,2322.37
2020-06-23T00:00:00+00:00,24,0.9838,0.9838,0.9838,0.9919,0.9998,3126.97,3126.97,3126.97,3101.54,3076.97
2020-06-23T06:00:00+00:00,24,0.9840,0.9840,0.9840,0.9921,1.0000,3129.22,3129.22,3129.22,3103.79,3079.22
2020-06-23T12:00:00+00:00,24,0.7714,0.9844,0.9920,1.0000,1.0000,4091.45,3206.11,3181.54,3156.11,3156.11
2020-06-23T18:00:00+00:00,24,0.7377,0.9971,0.9995,0.9998,1.0000,4328.14,3202.31,3194.39,3193.66,3192.95
2020-06-23T00:00:00+00:00,30,0.9871,0.9871,0.9871,0.9935,0.9999,3910.30,3910.30,3910.30,3884.87,3860.30
2020-06-23T06:00:00+00:00,30,0.9876,0.9876,0.9876,0.9939,1.0000,4037.59,4037.59,4037.59,4012.16,3987.59
2020-06-23T12:00:00+00:00,30,0.7846,0.9856,0.9916,0.9979,0.9998,5132.40,4085.32,4060.75,4035.32,4027.40
2020-06-23T18:00:00+00:00,30,0.7238,0.9975,0.9977,0.9998,1.0000,5247.41,3807.57,3806.84,3798.94,3798.21
2020-06-23T00:00:00+00:00,36,0.9895,0.9895,0.9895,0.9948,0.9999,4818.67,4818.67,4818.67,4793.24,4768.67
2020-06-23T06:00:00+00:00,36,0.9881,0.9881,0.9897,0.9932,0.9982,4916.80,4916.80,4908.88,4891.37,4866.80
2020-06-23T12:00:00+00:00,36,0.7538,0.9875,0.9927,0.9981,0.9981,6144.54,4690.58,4666.01,4640.58,4640.58
2020-06-23T18:00:00+00:00,36,0.7120,0.9876,0.9959,0.9980,0.9981,6538.84,4714.05,4674.40,4664.74,4664.01
2020-06-23T00:00:00+00:00,42,0.9896,0.9896,0.9910,0.9940,0.9984,5697.88,5697.88,5689.96,5672.45,5647.88
2020-06-23T06:00:00+00:00,42,0.9894,0.9894,0.9894,0.9940,0.9984,5522.06,5522.06,5522.06,5496.63,5472.06
2020-06-23T12:00:00+00:00,42,0.7745,0.9807,0.9877,0.9921,0.9967,7087.11,5597.06,5557.41,5532.84,5507.41
2020-06-23T18:00:00+00:00,42,0.7251,0.9896,0.9897,0.9983,0.9985,7708.08,5647.61,5646.88,5598.30,5597.57
2020-06-23T00:00:00+00:00,48,0.9906,0.9906,0.9906,0.9946,0.9985,6303.14,6303.14,6303.14,6277.71,6253.14
2020-06-23T06:00:00+00:00,48,0.9832,0.9832,0.9893,0.9908,0.9933,6428.54,6428.54,6388.89,6379.23,6363.46
2020-06-23T12:00:00+00:00,48,0.7927,0.9835,0.9872,0.9911,0.9947,8102.07,6530.62,6506.05,6480.62,6456.74
2020-06-23T18:00:00+00:00,48,0.7496,0.9760,0.9910,0.9911,0.9986,8606.24,6610.02,6509.74,6509.01,6460.43
2020-07-14T00:00:00+00:00,6,0.9974,0.9974,1.0000,1.0000,1.0000,783.10,783.10,781.08,781.08,781.08
2020-07-14T06:00:00+00:00,6,1.0000,1.0000,1.0000,1.0000,1.0000,796.10,796.10,796.10,796.10,796.10
2020-07-14T12:00:00+00:00,6,1.1486,1.1486,1.1486,1.1636,1.1636,563.19,563.19,563.19,555.94,555.94
2020-07-14T18:00:00+00:00,6,0.9323,0.9401,1.0000,1.0000,1.0000,862.79,855.61,804.36,804.36,804.36
2020-07-14T00:00:00+00:00,12,0.9987,0.9987,0.9987,1.0000,1.0000,1579.20,1579.20,1579.20,1577.18,1577.18
2020-07-14T06:00:00+00:00,12,1.0616,1.0616,1.0616,1.0673,1.0673,1359.29,1359.29,1359.29,1352.04,1352.04
2020-07-14T12:00:00+00:00,12,2.5769,2.5769,1.0229,1.0612,1.0612,563.19,563.19,1418.80,1367.55,1367.55
2020-07-14T18:00:00+00:00,12,0.7327,0.9684,1.0000,1.0000,1.0000,2144.61,1622.54,1571.29,1571.29,1571.29
2020-07-14T00:00:00+00:00,18,1.0381,1.0381,1.0381,1.0417,1.0417,2142.39,2142.39,2142.39,2135.14,2135.14
2020-07-14T06:00:00+00:00,18,1.6533,1.6533,1.0147,1.0387,1.0387,1359.29,1359.29,2214.90,2163.65,2163.65
2020-07-14T12:00:00+00:00,18,3.9386,3.9386,1.0149,1.0392,1.0392,563.19,563.19,2185.73,2134.48,2134.48
2020-07-14T18:00:00+00:00,18,0.7317,0.9795,1.0000,1.0000,1.0000,3346.29,2499.86,2448.61,2448.61,2448.61
2020-07-14T00:00:00+00:00,24,1.4136,1.4136,1.0102,1.0277,1.0277,2142.39,2142.39,2998.00,2946.75,2946.75
2020-07-14T06:00:00+00:00,24,2.2175,2.2175,1.0109,1.0286,1.0286,1359.29,1359.29,2981.83,2930.58,2930.58
2020-07-14T12:00:00+00:00,24,5.4964,5.4964,1.0106,1.0278,1.0278,563.19,563.19,3063.05,3011.80,3011.80
2020-07-14T18:00:00+00:00,24,0.7687,0.9574,0.9848,1.0000,1.0000,4328.29,3475.30,3378.42,3327.17,3327.17
2020-07-14T00:00:00+00:00,30,1.7716,1.7716,1.0081,1.0220,1.0220,2142.39,2142.39,3764.93,3713.68,3713.68
2020-07-14T06:00:00+00:00,30,2.8630,2.8630,1.0084,1.0220,1.0220,1359.29,1359.29,3859.15,3807.90,3807.90
2020-07-14T12:00:00+00:00,30,7.0564,7.0564,0.9840,1.0082,1.0215,563.19,563.19,4038.49,3941.61,3890.36
2020-07-14T18:00:00+00:00,30,0.7899,0.9568,0.9683,0.9877,1.0000,5198.41,4292.00,4240.75,4157.64,4106.39
2020-07-14T00:00:00+00:00,36,2.1811,2.1811,1.0066,1.0178,1.0178,2142.39,2142.39,4642.25,4591.00,4591.00
2020-07-14T06:00:00+00:00,36,3.5093,3.5093,0.9867,1.0069,1.0179,1359.29,1359.29,4834.59,4737.71,4686.46
2020-07-14T12:00:00+00:00,36,8.4399,8.4399,0.9790,0.9895,1.0069,563.19,563.19,4855.19,4803.94,4720.83
2020-07-14T18:00:00+00:00,36,0.7553,0.9633,0.9731,0.9896,1.0000,6442.34,5051.80,5000.55,4917.44,4866.19
2020-07-14T00:00:00+00:00,42,2.5911,2.5911,0.9882,1.0055,1.0149,2142.39,2142.39,5617.69,5520.81,5469.56
2020-07-14T06:00:00+00:00,42,4.0826,4.0826,0.9820,0.9910,1.0059,1359.29,1359.29,5651.29,5600.04,5516.93
2020-07-14T12:00:00+00:00,42,9.7890,9.7890,0.9819,0.9909,1.0059,563.19,563.19,5614.99,5563.74,5480.63
2020-07-14T18:00:00+00:00,42,0.7581,0.9689,0.9773,0.9912,1.0000,7629.09,5969.17,5917.92,5834.81,5783.56
2020-07-14T00:00:00+00:00,48,2.9549,2.9549,0.9838,0.9917,1.0048,2142.39,2142.39,6434.39,6383.14,6300.03
2020-07-14T06:00:00+00:00,48,4.6415,4.6415,0.9841,0.9920,1.0052,1359.29,1359.29,6411.09,6359.84,6276.73
2020-07-14T12:00:00+00:00,48,11.4179,11.4179,0.9844,0.9922,1.0051,563.19,563.19,6532.36,6481.11,6398.00
2020-07-14T18:00:00+00:00,48,0.7745,0.9558,0.9729,0.9802,0.9924,8599.87,6968.51,6845.86,6794.61,6711.50
2020-08-04T00:00:00+00:00,6,1.0000,1.0000,1.0000,1.0000,1.0000,792.22,792.22,792.22,792.22,792.22
2020-08-04T06:00:00+00:00,6,1.0000,1.0000,1.0000,1.0000,1.0000,737.22,737.22,737.22,737.22,737.22
2020-08-04T12:00:00+00:00,6,0.9432,0.9432,1.0000,1.0000,1.0000,773.59,773.59,729.62,729.62,729.62
2020-08-04T18:00:00+00:00,6,0.7238,0.9915,1.0000,1.0000,1.0000,787.68,574.97,570.11,570.11,570.11
2020-08-04T00:00:00+00:00,12,1.0000,1.0000,1.0000,1.0000,1.0000,1529.44,1529.44,1529.44,1529.44,1529.44
2020-08-04T06:00:00+00:00,12,0.9709,0.9709,1.0000,1.0000,1.0000,1510.81,1510.81,1466.84,1466.84,1466.84
2020-08-04T12:00:00+00:00,12,0.9638,0.9638,0.9638,1.0000,1.0000,1348.56,1348.56,1348.56,1299.73,1299.73
2020-08-04T18:00:00+00:00,12,0.6523,0.9963,1.0000,1.0000,1.0000,2002.78,1311.27,1306.41,1306.41,1306.41
2020-08-04T00:00:00+00:00,18,0.9809,0.9809,1.0000,1.0000,1.0000,2303.03,2303.03,2259.06,2259.06,2259.06
2020-08-04T06:00:00+00:00,18,0.9766,0.9766,0.9766,1.0000,1.0000,2085.78,2085.78,2085.78,2036.95,2036.95
2020-08-04T12:00:00+00:00,18,0.9766,0.9766,0.9766,1.0000,1.0000,2084.86,2084.86,2084.86,2036.03,2036.03
2020-08-04T18:00:00+00:00,18,0.6580,0.9976,1.0000,1.0000,1.0000,3116.07,2055.31,2050.45,2050.45,2050.45
2020-08-04T00:00:00+00:00,24,0.9830,0.9830,0.9830,1.0000,1.0000,2878.00,2878.00,2878.00,2829.17,2829.17
2020-08-04T06:00:00+00:00,24,0.9827,0.9827,0.9827,1.0000,1.0000,2822.08,2822.08,2822.08,2773.25,2773.25
2020-08-04T12:00:00+00:00,24,0.9827,0.9827,0.9827,1.0000,1.0000,2828.90,2828.90,2828.90,2780.07,2780.07
2020-08-04T18:00:00+00:00,24,0.7017,0.9569,0.9982,1.0000,1.0000,3920.67,2874.96,2755.87,2751.01,2751.01
2020-08-04T00:00:00+00:00,30,0.9865,0.9865,0.9865,1.0000,1.0000,3614.30,3614.30,3614.30,3565.47,3565.47
2020-08-04T06:00:00+00:00,30,0.9863,0.9863,0.9863,1.0000,1.0000,3566.12,3566.12,3566.12,3517.29,3517.29
2020-08-04T12:00:00+00:00,30,0.9540,0.9540,0.9862,0.9862,1.0000,3648.55,3648.55,3529.46,3529.46,3480.63
2020-08-04T18:00:00+00:00,30,0.7122,0.9584,0.9598,0.9985,1.0000,4569.01,3395.13,3390.27,3258.85,3253.99
2020-08-04T00:00:00+00:00,36,0.9888,0.9888,0.9888,1.0000,1.0000,4358.34,4358.34,4358.34,4309.51,4309.51
2020-08-04T06:00:00+00:00,36,0.9617,0.9617,0.9886,0.9886,1.0000,4385.77,4385.77,4266.68,4266.68,4217.85
2020-08-04T12:00:00+00:00,36,0.9556,0.9556,0.9556,0.9879,0.9879,4168.72,4168.72,4168.72,4032.44,4032.44
2020-08-04T18:00:00+00:00,36,0.7029,0.9496,0.9659,0.9814,0.9988,5688.54,4210.69,4139.79,4074.41,4003.51
2020-08-04T00:00:00+00:00,42,0.9676,0.9676,0.9903,0.9903,1.0000,5177.99,5177.99,5058.90,5058.90,5010.07
2020-08-04T06:00:00+00:00,42,0.9623,0.9623,0.9623,0.9898,0.9898,4905.94,4905.94,4905.94,4769.66,4769.66
2020-08-04T12:00:00+00:00,42,0.9486,0.9486,0.9623,0.9753,0.9898,4984.28,4984.28,4913.38,4848.00,4777.10
2020-08-04T18:00:00+00:00,42,0.6934,0.9352,0.9709,0.9719,0.9990,6786.28,5031.49,4846.55,4841.69,4710.27
2020-08-04T00:00:00+00:00,48,0.9675,0.9675,0.9675,0.9912,0.9912,5698.16,5698.16,5698.16,5561.88,5561.88
2020-08-04T06:00:00+00:00,48,0.9553,0.9553,0.9672,0.9786,0.9911,5721.50,5721.50,5650.60,5585.22,5514.32
2020-08-04T12:00:00+00:00,48,0.9363,0.9363,0.9671,0.9671,0.9911,5805.08,5805.08,5620.14,5620.14,5483.86
2020-08-04T18:00:00+00:00,48,0.7077,0.9303,0.9619,0.9746,0.9857,7663.62,5829.75,5638.32,5564.57,5502.04
2020-08-25T00:00:00+00:00,6,0.8209,0.9266,0.9983,1.0000,1.0000,1181.63,1046.76,971.58,969.97,969.97
2020-08-25T06:00:00+00:00,6,1.0000,1.0000,1.0000,1.0000,1.0000,1195.58,1195.58,1195.58,1195.58,1195.58
2020-08-25T12:00:00+00:00,6,0.8865,0.9182,1.0000,1.0000,1.0000,1188.38,1147.41,1053.52,1053.52,1053.52
2020-08-25T18:00:00+00:00,6,1.0000,1.0000,1.0000,1.0000,1.0000,517.46,517.46,517.46,517.46,517.46
2020-08-25T00:00:00+00:00,12,0.7990,0.9207,0.9664,1.0000,1.0000,2710.35,2352.03,2240.73,2165.55,2165.55
2020-08-25T06:00:00+00:00,12,0.8799,0.9019,0.9826,1.0000,1.0000,2556.05,2493.65,2289.00,2249.10,2249.10
2020-08-25T12:00:00+00:00,12,0.6661,0.9436,1.0000,1.0000,1.0000,2358.47,1664.87,1570.98,1570.98,1570.98
2020-08-25T18:00:00+00:00,12,0.9364,0.9364,0.9836,1.0000,1.0000,1577.36,1577.36,1501.65,1477.07,1477.07
2020-08-25T00:00:00+00:00,18,0.8344,0.9092,0.9452,0.9666,0.9878,3857.76,3540.41,3405.55,3330.37,3258.97
2020-08-25T06:00:00+00:00,18,0.6920,0.8663,0.9858,1.0000,1.0000,3997.68,3193.59,2806.46,2766.56,2766.56
2020-08-25T12:00:00+00:00,18,0.7403,0.9287,0.9619,0.9904,1.0000,3418.12,2724.77,2630.88,2555.17,2530.59
2020-08-25T18:00:00+00:00,18,0.7509,0.7509,0.9899,1.0000,1.0000,3219.26,3219.26,2441.98,2417.40,2417.40
2020-08-25T00:00:00+00:00,24,0.8540,0.8540,0.9525,0.9711,0.9894,4375.22,4375.22,3923.01,3847.83,3776.43
2020-08-25T06:00:00+00:00,24,0.7249,0.8760,0.9637,0.9830,0.9934,5140.55,4253.49,3866.36,3790.65,3750.75
2020-08-25T12:00:00+00:00,24,0.7360,0.7949,0.9670,0.9930,1.0000,4715.92,4366.67,3589.39,3495.50,3470.92
2020-08-25T18:00:00+00:00,24,0.7816,0.7816,0.9726,0.9927,1.0000,4274.70,4274.70,3435.01,3365.59,3341.01
2020-08-25T00:00:00+00:00,30,0.8640,0.8640,0.9424,0.9570,0.9719,5435.12,5435.12,4982.91,4907.20,4832.02
2020-08-25T06:00:00+00:00,30,0.7674,0.7916,0.9118,0.9864,0.9948,6080.88,5895.39,5118.11,4730.98,4691.08
2020-08-25T12:00:00+00:00,30,0.7406,0.8105,0.9590,0.9791,0.9944,5933.76,5422.11,4582.42,4488.53,4419.11
2020-08-25T18:00:00+00:00,30,0.8060,0.8060,0.8550,0.9937,1.0000,4811.86,4811.86,4535.78,3902.75,3878.17
2020-08-25T00:00:00+00:00,36,0.7964,0.7975,0.8947,0.9639,0.9765,7077.02,7067.95,6299.74,5847.53,5772.35
2020-08-25T06:00:00+00:00,36,0.7902,0.8042,0.9147,0.9766,0.9886,7073.91,6950.83,6111.14,5724.01,5654.59
2020-08-25T12:00:00+00:00,36,0.6954,0.8276,0.8678,0.9765,0.9950,7091.39,5959.27,5683.19,5050.16,4956.27
2020-08-25T18:00:00+00:00,36,0.8002,0.8002,0.8690,0.9428,0.9861,6011.16,6011.16,5534.92,5102.05,4877.95
2020-08-25T00:00:00+00:00,42,0.8067,0.8067,0.8995,0.9590,0.9697,8132.46,8132.46,7292.77,6840.56,6765.38
2020-08-25T06:00:00+00:00,42,0.7495,0.8183,0.8629,0.9314,0.9896,8174.68,7487.99,7100.86,6578.88,6191.75
2020-08-25T12:00:00+00:00,42,0.7241,0.8191,0.8775,0.9383,0.9732,8097.97,7158.57,6682.33,6249.46,6025.36
2020-08-25T18:00:00+00:00,42,0.7872,0.7872,0.8896,0.8971,0.9885,7420.88,7420.88,6566.39,6511.77,5909.42
2020-08-25T00:00:00+00:00,48,0.8186,0.8186,0.8637,0.9145,0.9711,8669.62,8669.62,8217.41,7760.51,7308.30
2020-08-25T06:00:00+00:00,48,0.7695,0.8126,0.8597,0.9076,0.9551,9173.82,8687.29,8211.05,7778.18,7391.05
2020-08-25T12:00:00+00:00,48,0.7360,0.8047,0.8939,0.9049,0.9771,9368.02,8568.29,7713.80,7619.91,7056.83
2020-08-25T18:00:00+00:00,48,0.7949,0.7949,0.8816,0.8965,0.9639,8531.59,8531.59,7692.94,7564.97,7035.97
2020-09-15T00:00:00+00:00,6,0.9208,0.9208,0.9789,1.0000,1.0000,1043.04,1043.04,981.23,960.48,960.48
2020-09-15T06:00:00+00:00,6,0.9738,0.9738,1.0000,1.0000,1.0000,1108.09,1108.09,1079.11,1079.11,1079.11
2020-09-15T12:00:00+00:00,6,0.8765,0.9721,0.9876,0.9999,1.0000,1171.82,1056.58,1039.97,1027.16,1027.07
2020-09-15T18:00:00+00:00,6,1.0000,1.0000,1.0000,1.0000,1.0000,699.36,699.36,699.36,699.36,699.36
2020-09-15T00:00:00+00:00,12,0.8691,0.9025,0.9762,0.9899,1.0000,2346.78,2259.82,2089.32,2060.34,2039.59
2020-09-15T06:00:00+00:00,12,0.8641,0.9011,0.9730,0.9939,1.0000,2437.46,2337.43,2164.67,2119.08,2106.27
2020-09-15T12:00:00+00:00,12,0.6671,0.9579,0.9904,0.9999,1.0000,2587.77,1802.23,1743.13,1726.52,1726.43
2020-09-15T18:00:00+00:00,12,0.7855,0.7855,0.9801,1.0000,1.0000,2119.85,2119.85,1698.90,1665.11,1665.11
2020-09-15T00:00:00+00:00,18,0.8890,0.8890,0.9247,0.9748,0.9891,3449.65,3449.65,3316.40,3145.90,3100.31
2020-09-15T06:00:00+00:00,18,0.7289,0.9033,0.9655,0.9882,1.0000,3849.04,3105.97,2905.73,2838.95,2805.63
2020-09-15T12:00:00+00:00,18,0.7228,0.8354,0.9609,0.9816,0.9938,3724.72,3222.72,2801.77,2742.67,2708.88
2020-09-15T18:00:00+00:00,18,0.6630,0.7436,0.9870,1.0000,1.0000,3883.59,3462.60,2608.60,2574.81,2574.81
2020-09-15T00:00:00+00:00,24,0.9077,0.9077,0.9282,0.9689,0.9858,4149.01,4149.01,4057.46,3886.96,3820.18
2020-09-15T06:00:00+00:00,24,0.7405,0.8332,0.9186,0.9657,0.9825,5093.14,4526.46,4105.51,3905.27,3838.49
2020-09-15T12:00:00+00:00,24,0.7772,0.7772,0.9705,0.9862,0.9954,4634.42,4634.42,3711.47,3652.37,3618.58
2020-09-15T18:00:00+00:00,24,0.7248,0.7835,0.9691,0.9883,0.9978,4820.50,4459.36,3605.36,3535.42,3501.63
2020-09-15T00:00:00+00:00,30,0.8496,0.8496,0.9190,0.9357,0.9683,5569.50,5569.50,5148.55,5057.00,4886.50
2020-09-15T06:00:00+00:00,30,0.7568,0.8055,0.9334,0.9722,0.9858,6185.10,5811.42,5015.21,4814.97,4748.19
2020-09-15T12:00:00+00:00,30,0.8028,0.8028,0.9602,0.9747,0.9873,5631.18,5631.18,4708.23,4638.29,4579.19
2020-09-15T18:00:00+00:00,30,0.7557,0.7557,0.8375,0.9900,0.9981,5430.99,5430.99,4901.03,4145.91,4112.12
2020-09-15T00:00:00+00:00,36,0.7693,0.7693,0.9312,0.9455,0.9733,7333.24,7333.24,6058.25,5966.70,5796.20
2020-09-15T06:00:00+00:00,36,0.7585,0.8226,0.9315,0.9636,0.9753,7383.19,6808.18,6011.97,5811.73,5741.79
2020-09-15T12:00:00+00:00,36,0.7408,0.7854,0.8547,0.9776,0.9888,6926.85,6533.86,6003.90,5248.78,5189.68
2020-09-15T18:00:00+00:00,36,0.7820,0.7820,0.8379,0.9760,0.9919,6464.54,6464.54,6033.46,5179.46,5096.74
2020-09-15T00:00:00+00:00,42,0.7933,0.7933,0.9299,0.9421,0.9658,8270.15,8270.15,7055.01,6963.46,6792.96
2020-09-15T06:00:00+00:00,42,0.7184,0.7924,0.8499,0.9478,0.9777,8644.42,7837.60,7307.64,6552.52,6352.28
2020-09-15T12:00:00+00:00,42,0.7511,0.8037,0.8477,0.9682,0.9811,8098.11,7567.41,7175.16,6282.33,6199.61
2020-09-15T18:00:00+00:00,42,0.7870,0.7870,0.8550,0.9459,0.9925,7651.79,7651.79,7043.67,6366.71,6068.12
2020-09-15T00:00:00+00:00,48,0.8075,0.8075,0.8587,0.9441,0.9556,8880.64,8880.64,8350.68,7595.56,7504.01
2020-09-15T06:00:00+00:00,48,0.7336,0.8073,0.8543,0.9440,0.9696,9762.03,8871.15,8382.28,7586.07,7385.83
2020-09-15T12:00:00+00:00,48,0.7773,0.8052,0.8653,0.9437,0.9830,9069.49,8754.66,8146.54,7469.58,7170.99
2020-09-15T18:00:00+00:00,48,0.8129,0.8129,0.8553,0.9536,0.9580,8710.99,8710.99,8279.91,7425.91,7392.12
2020-10-06T00:00:00+00:00,6,0.7670,0.9578,0.9897,1.0000,1.0000,1323.04,1059.55,1025.33,1014.82,1014.82
2020-10-06T06:00:00+00:00,6,0.9969,0.9969,0.9969,1.0000,1.0000,963.36,963.36,963.36,960.41,960.41
2020-10-06T12:00:00+00:00,6,1.0000,1.0000,1.0000,1.0000,1.0000,713.15,713.15,713.15,713.15,713.15
2020-10-06T18:00:00+00:00,6,0.6629,0.9710,1.0000,1.0000,1.0000,1024.44,699.44,679.13,679.13,679.13
2020-10-06T00:00:00+00:00,12,0.6639,0.9764,0.9932,0.9985,0.9985,2975.37,2022.91,1988.69,1978.18,1978.18
2020-10-06T06:00:00+00:00,12,0.9982,0.9982,0.9982,1.0000,1.0000,1676.51,1676.51,1676.51,1673.56,1673.56
2020-10-06T12:00:00+00:00,12,0.8013,0.8013,1.0000,1.0000,1.0000,1737.59,1737.59,1392.28,1392.28,1392.28
2020-10-06T18:00:00+00:00,12,0.7911,0.8233,0.9859,0.9981,1.0000,2065.65,1984.74,1657.51,1637.20,1634.13
2020-10-06T00:00:00+00:00,18,0.5997,0.9826,0.9950,0.9989,0.9989,4483.23,2736.06,2701.84,2691.33,2691.33
2020-10-06T06:00:00+00:00,18,0.8711,0.8711,0.9987,0.9987,1.0000,2700.95,2700.95,2355.64,2355.64,2352.69
2020-10-06T12:00:00+00:00,18,0.8447,0.8447,0.8766,0.9987,1.0000,2778.80,2778.80,2677.58,2350.35,2347.28
2020-10-06T18:00:00+00:00,18,0.8437,0.8437,0.9892,0.9971,0.9983,3006.38,3006.38,2564.38,2544.07,2541.00
2020-10-06T00:00:00+00:00,24,0.6498,0.8955,0.9860,0.9960,0.9991,5182.67,3760.50,3415.19,3380.97,3370.46
2020-10-06T06:00:00+00:00,24,0.8839,0.8839,0.9085,0.9982,0.9991,3742.16,3742.16,3640.94,3313.71,3310.64
2020-10-06T12:00:00+00:00,24,0.8737,0.8737,0.8989,0.9977,0.9987,3719.53,3719.53,3615.25,3257.22,3254.15
2020-10-06T18:00:00+00:00,24,0.8689,0.8689,0.9633,0.9818,0.9918,3841.46,3841.46,3464.74,3399.46,3365.48
2020-10-06T00:00:00+00:00,30,0.6683,0.9002,0.9196,0.9884,0.9962,6467.97,4801.71,4700.49,4373.26,4339.04
2020-10-06T06:00:00+00:00,30,0.8991,0.8991,0.9195,0.9975,0.9983,4682.89,4682.89,4578.61,4220.58,4217.51
2020-10-06T12:00:00+00:00,30,0.8894,0.8894,0.8961,0.9743,0.9899,4554.61,4554.61,4520.63,4157.58,4092.30
2020-10-06T18:00:00+00:00,30,0.7962,0.7997,0.8942,0.9771,0.9931,4987.35,4965.54,4440.81,4064.09,3998.81
2020-10-06T00:00:00+00:00,36,0.6696,0.9099,0.9267,0.9896,0.9960,7802.79,5742.44,5638.16,5280.13,5245.91
2020-10-06T06:00:00+00:00,36,0.9082,0.9082,0.9138,0.9786,0.9912,5517.97,5517.97,5483.99,5120.94,5055.66
2020-10-06T12:00:00+00:00,36,0.8217,0.8217,0.9089,0.9089,0.9847,5700.50,5700.50,5153.96,5153.96,4756.93
2020-10-06T18:00:00+00:00,36,0.7855,0.8106,0.8890,0.9554,0.9811,6135.72,5945.63,5420.90,5044.18,4912.42
2020-10-06T00:00:00+00:00,42,0.6836,0.9162,0.9210,0.9750,0.9854,8815.44,6577.52,6543.30,6180.49,6115.21
2020-10-06T06:00:00+00:00,42,0.8470,0.8470,0.9227,0.9227,0.9868,6663.86,6663.86,6117.32,6117.32,5720.29
2020-10-06T12:00:00+00:00,42,0.8078,0.8078,0.9019,0.9217,0.9644,6848.87,6848.87,6134.05,6002.29,5737.02
2020-10-06T18:00:00+00:00,42,0.8004,0.8227,0.8841,0.9320,0.9839,7125.17,6932.34,6451.33,6119.66,5796.37
2020-10-06T00:00:00+00:00,48,0.7048,0.8622,0.9279,0.9323,0.9822,9448.77,7723.41,7176.87,7142.65,6779.84
2020-10-06T06:00:00+00:00,48,0.8311,0.8311,0.9148,0.9321,0.9690,7812.23,7812.23,7097.41,6965.65,6700.38
2020-10-06T12:00:00+00:00,48,0.8186,0.8186,0.8900,0.9318,0.9419,7838.32,7838.32,7209.53,6886.24,6812.50
2020-10-06T18:00:00+00:00,48,0.8215,0.8215,0.8709,0.9049,0.9546,7965.61,7965.61,7513.53,7231.75,6855.03
2020-10-27T00:00:00+00:00,6,0.6459,0.8726,1.0000,1.0000,1.0000,1326.43,981.79,856.68,856.68,856.68
2020-10-27T06:00:00+00:00,6,0.9804,0.9804,1.0000,1.0000,1.0000,898.01,898.01,880.37,880.37,880.37
2020-10-27T12:00:00+00:00,6,0.9215,0.9215,0.9970,1.0000,1.0000,993.83,993.83,918.59,915.84,915.84
2020-10-27T18:00:00+00:00,6,0.8412,0.8412,1.0000,1.0000,1.0000,1131.07,1131.07,951.44,951.44,951.44
2020-10-27T00:00:00+00:00,12,0.5613,0.9241,0.9899,1.0000,1.0000,3094.61,1879.80,1754.69,1737.05,1737.05
2020-10-27T06:00:00+00:00,12,0.8864,0.8864,0.9584,0.9985,1.0000,2026.44,2026.44,1874.20,1798.96,1796.21
2020-10-27T12:00:00+00:00,12,0.8679,0.8679,0.9083,0.9953,1.0000,2151.60,2151.60,2055.72,1876.09,1867.28
2020-10-27T18:00:00+00:00,12,0.8560,0.8560,0.8978,1.0000,1.0000,2117.79,2117.79,2019.13,1812.80,1812.80
2020-10-27T00:00:00+00:00,18,0.6489,0.8819,0.9289,0.9714,0.9990,4088.44,3008.23,2855.99,2730.88,2655.64
2020-10-27T06:00:00+00:00,18,0.8702,0.8702,0.9227,0.9358,0.9968,3157.51,3157.51,2977.88,2936.09,2756.46
2020-10-27T12:00:00+00:00,18,0.7909,0.8406,0.9056,0.9277,0.9968,3449.97,3246.22,3012.96,2941.23,2737.45
2020-10-27T18:00:00+00:00,18,0.8841,0.8841,0.9140,0.9835,1.0000,3019.17,3019.17,2920.51,2714.18,2669.33
2020-10-27T00:00:00+00:00,24,0.6870,0.8708,0.9103,0.9400,0.9642,5246.21,4139.30,3959.67,3834.56,3738.25
2020-10-27T06:00:00+00:00,24,0.8709,0.8709,0.8709,0.9400,0.9400,4144.23,4144.23,4144.23,3839.24,3839.24
2020-10-27T12:00:00+00:00,24,0.7509,0.8644,0.9159,0.9330,0.9853,4774.30,4147.60,3914.34,3842.61,3638.83
2020-10-27T18:00:00+00:00,24,0.8851,0.8851,0.9111,0.9554,0.9857,4146.23,4146.23,4028.11,3841.24,3723.12
2020-10-27T00:00:00+00:00,30,0.6823,0.8712,0.8930,0.9263,0.9510,6544.58,5126.02,5000.91,4821.03,4695.92
2020-10-27T06:00:00+00:00,30,0.8850,0.8850,0.8930,0.9420,0.9510,5045.61,5045.61,5000.76,4740.62,4695.77
2020-10-27T12:00:00+00:00,30,0.7869,0.8694,0.9096,0.9315,0.9622,5828.09,5274.66,5041.40,4923.28,4765.89
2020-10-27T18:00:00+00:00,30,0.8985,0.8985,0.9158,0.9541,0.9648,5228.11,5228.11,5129.45,4923.12,4868.60
2020-10-27T00:00:00+00:00,36,0.6764,0.8830,0.9017,0.9301,0.9509,7868.91,6027.40,5902.29,5722.41,5597.30
2020-10-27T06:00:00+00:00,36,0.8856,0.8856,0.9028,0.9316,0.9507,6172.67,6172.67,6054.55,5867.68,5749.56
2020-10-27T12:00:00+00:00,36,0.7851,0.8831,0.9167,0.9276,0.9599,7149.87,6356.54,6123.28,6051.55,5847.77
2020-10-27T18:00:00+00:00,36,0.9069,0.9069,0.9216,0.9540,0.9540,6176.85,6176.85,6078.19,5871.86,5871.86
2020-10-27T00:00:00+00:00,42,0.7086,0.8838,0.8995,0.9231,0.9403,8922.70,7154.46,7029.35,6849.47,6724.36
2020-10-27T06:00:00+00:00,42,0.8951,0.8951,0.9019,0.9344,0.9418,7254.55,7254.55,7200.03,6949.56,6895.04
2020-10-27T12:00:00+00:00,42,0.7628,0.8922,0.9216,0.9310,0.9590,8544.70,7305.28,7072.02,7000.29,6796.51
2020-10-27T18:00:00+00:00,42,0.9190,0.9190,0.9319,0.9602,0.9602,7096.28,7096.28,6997.62,6791.29,6791.29
2020-10-27T00:00:00+00:00,48,0.7175,0.8924,0.9062,0.9267,0.9416,10244.48,8236.34,8111.23,7931.35,7806.24
2020-10-27T06:00:00+00:00,48,0.9018,0.9018,0.9018,0.9367,0.9367,8203.29,8203.29,8203.29,7898.30,7898.30
2020-10-27T12:00:00+00:00,48,0.7229,0.9042,0.9306,0.9390,0.9639,10287.52,8224.71,7991.45,7919.72,7715.94
2020-10-27T18:00:00+00:00,48,0.9203,0.9203,0.9314,0.9555,0.9645,8275.97,8275.97,8177.31,7970.98,7897.04
2020-11-17T00:00:00+00:00,6,0.8023,0.9621,1.0000,1.0000,1.0000,1125.70,938.68,903.10,903.10,903.10
2020-11-17T06:00:00+00:00,6,1.0000,1.0000,1.0000,1.0000,1.0000,858.36,858.36,858.36,858.36,858.36
2020-11-17T12:00:00+00:00,6,0.8502,0.8502,1.0000,1.0000,1.0000,893.57,893.57,759.67,759.67,759.67
2020-11-17T18:00:00+00:00,6,0.7557,0.9311,0.9883,1.0000,1.0000,1210.09,982.18,925.29,914.51,914.51
2020-11-17T00:00:00+00:00,12,0.7302,0.9802,1.0000,1.0000,1.0000,2412.22,1797.04,1761.46,1761.46,1761.46
2020-11-17T06:00:00+00:00,12,0.8148,0.8148,0.9236,1.0000,1.0000,1985.70,1985.70,1751.93,1618.03,1618.03
2020-11-17T12:00:00+00:00,12,0.8925,0.8925,0.8925,0.9936,1.0000,1875.75,1875.75,1875.75,1684.96,1674.18
2020-11-17T18:00:00+00:00,12,0.6683,0.9244,0.9671,0.9937,0.9994,2805.90,2028.49,1939.07,1887.13,1876.35
2020-11-17T00:00:00+00:00,18,0.7626,0.8621,0.9370,0.9861,1.0000,3305.79,2924.38,2690.61,2556.71,2521.13
2020-11-17T06:00:00+00:00,18,0.8321,0.8321,0.9263,0.9263,0.9958,3043.63,3043.63,2734.11,2734.11,2543.32
2020-11-17T12:00:00+00:00,18,0.8824,0.8824,0.9286,0.9763,0.9955,2986.07,2986.07,2837.59,2698.74,2646.80
2020-11-17T18:00:00+00:00,18,0.6224,0.9471,0.9772,0.9957,0.9996,4408.74,2897.50,2808.08,2756.14,2745.36
2020-11-17T00:00:00+00:00,24,0.8012,0.8627,0.9354,0.9446,0.9867,4287.97,3982.31,3672.79,3637.21,3482.00
2020-11-17T06:00:00+00:00,24,0.8702,0.8702,0.9086,0.9451,0.9820,4014.19,4014.19,3844.43,3695.95,3557.10
2020-11-17T12:00:00+00:00,24,0.8256,0.8706,0.9453,0.9821,0.9966,4244.25,4024.84,3706.60,3567.75,3515.81
2020-11-17T18:00:00+00:00,24,0.6604,0.9441,0.9664,0.9798,0.9874,5541.33,3876.49,3787.07,3735.13,3706.24
2020-11-17T00:00:00+00:00,30,0.8144,0.8876,0.9191,0.9486,0.9779,5398.29,4952.87,4783.11,4634.63,4495.78
2020-11-17T06:00:00+00:00,30,0.8933,0.8933,0.8933,0.9556,0.9856,4883.20,4883.20,4883.20,4564.96,4426.11
2020-11-17T12:00:00+00:00,30,0.8410,0.8832,0.9432,0.9720,0.9832,5254.96,5003.83,4685.59,4546.74,4494.80
2020-11-17T18:00:00+00:00,30,0.6640,0.9088,0.9429,0.9608,0.9756,6786.21,4957.70,4778.91,4689.49,4618.51
2020-11-17T00:00:00+00:00,36,0.7910,0.9044,0.9100,0.9567,0.9815,6656.47,5821.88,5786.30,5503.64,5364.79
2020-11-17T06:00:00+00:00,36,0.9003,0.9003,0.9048,0.9520,0.9764,5862.19,5862.19,5833.30,5543.95,5405.10
2020-11-17T12:00:00+00:00,36,0.8427,0.8653,0.9131,0.9423,0.9663,6248.52,6085.04,5766.80,5588.01,5449.16
2020-11-17T18:00:00+00:00,36,0.6558,0.9151,0.9289,0.9430,0.9576,8449.91,6055.15,5965.73,5875.98,5786.56
2020-11-17T00:00:00+00:00,42,0.8061,0.9088,0.9136,0.9534,0.9743,7667.18,6800.87,6765.29,6482.63,6343.78
2020-11-17T06:00:00+00:00,42,0.8820,0.8820,0.9053,0.9243,0.9500,6943.40,6943.40,6764.61,6625.16,6446.37
2020-11-17T12:00:00+00:00,42,0.8561,0.8773,0.9179,0.9369,0.9482,7359.83,7182.49,6864.25,6725.40,6645.31
2020-11-17T18:00:00+00:00,42,0.6451,0.9273,0.9392,0.9514,0.9639,10159.49,7067.81,6978.39,6889.02,6799.60
2020-11-17T00:00:00+00:00,48,0.8114,0.8915,0.9122,0.9290,0.9515,8660.74,7882.08,7703.29,7563.84,7385.05
2020-11-17T06:00:00+00:00,48,0.8904,0.8904,0.8993,0.9271,0.9440,8040.85,8040.85,7960.76,7722.61,7583.76
2020-11-17T12:00:00+00:00,48,0.8052,0.8924,0.9285,0.9452,0.9515,9082.70,8195.15,7876.91,7738.06,7686.12
2020-11-17T18:00:00+00:00,48,0.6633,0.9238,0.9340,0.9444,0.9551,11426.39,8203.58,8114.16,8024.79,7935.37
2020-12-08T00:00:00+00:00,6,0.9473,0.9473,1.0000,1.0000,1.0000,909.32,909.32,861.44,861.44,861.44
2020-12-08T06:00:00+00:00,6,0.9955,0.9955,0.9955,1.0000,1.0000,901.20,901.20,901.20,897.11,897.11
2020-12-08T12:00:00+00:00,6,0.9914,0.9914,1.0000,1.0000,1.0000,825.64,825.64,818.52,818.52,818.52
2020-12-08T18:00:00+00:00,6,0.9473,0.9984,1.0000,1.0000,1.0000,976.41,926.43,924.91,924.91,924.91
2020-12-08T00:00:00+00:00,12,0.9713,0.9713,0.9713,0.9977,0.9977,1810.52,1810.52,1810.52,1762.64,1762.64
2020-12-08T06:00:00+00:00,12,0.9935,0.9935,0.9976,0.9976,1.0000,1726.84,1726.84,1719.72,1719.72,1715.63
2020-12-08T12:00:00+00:00,12,0.9951,0.9951,0.9951,1.0000,1.0000,1752.07,1752.07,1752.07,1743.43,1743.43
2020-12-08T18:00:00+00:00,12,0.8670,0.9827,0.9992,1.0000,1.0000,2126.72,1876.31,1845.38,1843.86,1843.86
2020-12-08T00:00:00+00:00,18,0.9776,0.9776,0.9802,0.9957,0.9984,2636.16,2636.16,2629.04,2588.28,2581.16
2020-12-08T06:00:00+00:00,18,0.9952,0.9952,0.9952,0.9985,0.9985,2653.27,2653.27,2653.27,2644.63,2644.63
2020-12-08T12:00:00+00:00,18,0.9854,0.9854,0.9968,0.9968,1.0000,2701.95,2701.95,2671.02,2671.02,2662.38
2020-12-08T18:00:00+00:00,18,0.8264,0.8870,0.9994,1.0000,1.0000,3277.08,3053.12,2709.67,2708.15,2708.15
2020-12-08T00:00:00+00:00,24,0.9830,0.9830,0.9830,0.9964,0.9964,3562.59,3562.59,3562.59,3514.71,3514.71
2020-12-08T06:00:00+00:00,24,0.9879,0.9879,0.9964,0.9964,0.9989,3603.15,3603.15,3572.22,3572.22,3563.58
2020-12-08T12:00:00+00:00,24,0.9092,0.9092,0.9976,0.9976,1.0000,3878.76,3878.76,3535.31,3535.31,3526.67
2020-12-08T18:00:00+00:00,24,0.8230,0.9041,0.9449,0.9951,0.9996,4352.33,3961.91,3790.93,3599.81,3583.58
2020-12-08T00:00:00+00:00,30,0.9797,0.9797,0.9865,0.9902,0.9971,4512.47,4512.47,4481.54,4464.59,4433.66
2020-12-08T06:00:00+00:00,30,0.9255,0.9255,0.9971,0.9971,0.9991,4779.96,4779.96,4436.51,4436.51,4427.87
2020-12-08T12:00:00+00:00,30,0.9192,0.9192,0.9532,0.9944,0.9980,4787.55,4787.55,4616.57,4425.45,4409.22
2020-12-08T18:00:00+00:00,30,0.8450,0.8749,0.9156,0.9569,0.9891,5276.87,5096.83,4870.22,4659.79,4508.12
2020-12-08T00:00:00+00:00,36,0.9290,0.9290,0.9887,0.9887,0.9976,5689.28,5689.28,5345.83,5345.83,5297.95
2020-12-08T06:00:00+00:00,36,0.9313,0.9313,0.9601,0.9946,0.9976,5688.75,5688.75,5517.77,5326.65,5310.42
2020-12-08T12:00:00+00:00,36,0.8911,0.8911,0.9266,0.9621,0.9895,5922.47,5922.47,5695.86,5485.43,5333.76
2020-12-08T18:00:00+00:00,36,0.8353,0.8784,0.9067,0.9332,0.9532,6485.82,6167.71,5974.74,5805.61,5683.25
2020-12-08T00:00:00+00:00,42,0.9335,0.9335,0.9583,0.9877,0.9903,6598.07,6598.07,6427.09,6235.97,6219.74
2020-12-08T06:00:00+00:00,42,0.9049,0.9049,0.9360,0.9668,0.9904,6823.67,6823.67,6597.06,6386.63,6234.96
2020-12-08T12:00:00+00:00,42,0.8917,0.8917,0.9170,0.9404,0.9581,6993.35,6993.35,6800.38,6631.25,6508.89
2020-12-08T18:00:00+00:00,42,0.8177,0.8688,0.9183,0.9282,0.9581,7655.94,7205.44,6817.39,6744.49,6534.06
2020-12-08T00:00:00+00:00,48,0.9099,0.9099,0.9374,0.9644,0.9849,7732.99,7732.99,7506.38,7295.95,7144.28
2020-12-08T06:00:00+00:00,48,0.9036,0.9036,0.9262,0.9470,0.9626,7894.55,7894.55,7701.58,7532.45,7410.09
2020-12-08T12:00:00+00:00,48,0.8653,0.8653,0.9262,0.9351,0.9618,8180.73,8180.73,7643.03,7570.13,7359.70
2020-12-08T18:00:00+00:00,48,0.8140,0.8585,0.8979,0.9181,0.9312,8731.22,8279.37,7915.73,7741.67,7632.40
2020-12-29T00:00:00+00:00,6,0.5341,0.8964,1.0000,1.0000,1.0000,1477.73,880.38,789.19,789.19,789.19
2020-12-29T06:00:00+00:00,6,1.0000,1.0000,1.0000,1.0000,1.0000,657.90,657.90,657.90,657.90,657.90
2020-12-29T12:00:00+00:00,6,1.0000,1.0000,1.0000,1.0000,1.0000,848.51,848.51,848.51,848.51,848.51
2020-12-29T18:00:00+00:00,6,0.9531,0.9531,0.9900,1.0000,1.0000,982.06,982.06,945.49,936.04,936.04
2020-12-29T00:00:00+00:00,12,0.3839,0.9407,1.0000,1.0000,1.0000,3769.87,1538.28,1447.09,1447.09,1447.09
2020-12-29T06:00:00+00:00,12,1.0000,1.0000,1.0000,1.0000,1.0000,1506.41,1506.41,1506.41,1506.41,1506.41
2020-12-29T12:00:00+00:00,12,0.9749,0.9749,0.9947,1.0000,1.0000,1830.57,1830.57,1794.00,1784.55,1784.55
2020-12-29T18:00:00+00:00,12,0.9726,0.9726,0.9755,0.9953,0.9960,1957.76,1957.76,1951.85,1913.18,1911.74
2020-12-29T00:00:00+00:00,18,0.4395,0.9618,1.0000,1.0000,1.0000,5223.52,2386.79,2295.60,2295.60,2295.60
2020-12-29T06:00:00+00:00,18,0.9815,0.9815,0.9961,1.0000,1.0000,2488.47,2488.47,2451.90,2442.45,2442.45
2020-12-29T12:00:00+00:00,18,0.9809,0.9809,0.9809,0.9967,0.9972,2806.27,2806.27,2806.27,2761.69,2760.25
2020-12-29T18:00:00+00:00,18,0.9761,0.9761,0.9806,0.9920,0.9967,2772.15,2772.15,2759.51,2727.57,2714.93
2020-12-29T00:00:00+00:00,24,0.4787,0.9593,0.9860,0.9971,1.0000,6750.43,3368.85,3277.66,3241.09,3231.64
2020-12-29T06:00:00+00:00,24,0.9845,0.9845,0.9845,0.9974,0.9978,3464.17,3464.17,3464.17,3419.59,3418.15
2020-12-29T12:00:00+00:00,24,0.9817,0.9817,0.9851,0.9939,0.9975,3620.66,3620.66,3608.02,3576.08,3563.44
2020-12-29T18:00:00+00:00,24,0.9584,0.9584,0.9830,0.9858,0.9947,3894.94,3894.94,3797.40,3786.46,3752.82
2020-12-29T00:00:00+00:00,30,0.4854,0.9667,0.9874,0.9874,0.9978,8651.42,4344.55,4253.36,4253.36,4208.78
2020-12-29T06:00:00+00:00,30,0.9845,0.9845,0.9874,0.9949,0.9979,4278.56,4278.56,4265.92,4233.98,4221.34
2020-12-29T12:00:00+00:00,30,0.9658,0.9658,0.9861,0.9884,0.9957,4743.45,4743.45,4645.91,4634.97,4601.33
2020-12-29T18:00:00+00:00,30,0.8863,0.8886,0.9624,0.9786,0.9884,5159.74,5146.42,4751.81,4673.37,4626.87
2020-12-29T00:00:00+00:00,36,0.4580,0.9695,0.9869,0.9894,0.9957,10921.41,5158.94,5067.75,5055.11,5023.17
2020-12-29T06:00:00+00:00,36,0.9700,0.9700,0.9878,0.9899,0.9962,5401.35,5401.35,5303.81,5292.87,5259.23
2020-12-29T12:00:00+00:00,36,0.9024,0.9024,0.9681,0.9819,0.9902,6008.25,6008.25,5600.32,5521.88,5475.38
2020-12-29T18:00:00+00:00,36,0.8748,0.8926,0.9383,0.9607,0.9821,6270.42,6145.29,5845.86,5709.70,5585.40
2020-12-29T00:00:00+00:00,42,0.4849,0.9597,0.9748,0.9894,0.9912,12433.13,6281.73,6184.19,6093.00,6082.06
2020-12-29T06:00:00+00:00,42,0.9120,0.9120,0.9715,0.9838,0.9913,6666.15,6666.15,6258.22,6179.78,6133.28
2020-12-29T12:00:00+00:00,42,0.8897,0.8897,0.9461,0.9658,0.9844,7118.93,7118.93,6694.37,6558.21,6433.91
2020-12-29T18:00:00+00:00,42,0.8842,0.9056,0.9461,0.9658,0.9844,7158.66,6989.79,6690.36,6554.20,6429.90
2020-12-29T00:00:00+00:00,48,0.5151,0.9102,0.9622,0.9747,0.9856,13335.86,7546.53,7138.60,7047.41,6968.97
2020-12-29T06:00:00+00:00,48,0.8990,0.8990,0.9510,0.9689,0.9859,7776.83,7776.83,7352.27,7216.11,7091.81
2020-12-29T12:00:00+00:00,48,0.8965,0.8965,0.9522,0.9697,0.9862,8007.17,8007.17,7538.87,7402.71,7278.41
2020-12-29T18:00:00+00:00,48,0.8628,0.8920,0.9268,0.9436,0.9608,8236.94,7967.34,7667.91,7531.75,7396.54
