overhead_min,policy,source_grid,dest_grid,start_ts,total_carbon_kgco2eq,baseline_carbon_kgco2eq,migration_count
0,2,BANC,CISO,1577836800,75.453,76.253,2
0,2,BANC,CISO,1579154400,81.548,81.548,0
0,2,BANC,CISO,1580472000,55.83,55.83,0
0,2,BANC,CISO,1581789600,51.062,52.267,4
0,2,BANC,CISO,1583107200,52.333,52.43,2
0,2,BANC,CISO,1584424800,83.316,83.316,0
0,2,BANC,CISO,1585742400,44.283,44.33,2
0,2,BANC,CISO,1587060000,33.313,33.313,0
0,2,BANC,CISO,1588377600,38.903,42.749,5
0,2,BANC,CISO,1589695200,38.038,42.187,4
0,2,BANC,CISO,1591012800,42.378,42.378,0
0,2,BANC,CISO,1592330400,39.351,40.383,4
0,2,BANC,CISO,1593648000,37.587,37.688,2
0,2,BANC,CISO,1594965600,55.127,55.204,4
0,2,BANC,CISO,1596283200,56.231,56.684,4
0,2,BANC,CISO,1597600800,78.197,78.197,0
0,2,BANC,CISO,1598918400,75.058,75.022,4
0,2,BANC,CISO,1600236000,80.174,80.174,0
0,2,BANC,CISO,1601553600,81.036,81.036,0
0,2,BANC,CISO,1602871200,74.249,74.249,0
0,2,BANC,CISO,1604188800,86.497,87.09,2
0,2,BANC,CISO,1605506400,91.418,93.475,4
0,2,BANC,CISO,1606824000,106.832,108.643,4
0,2,BANC,CISO,1608141600,91.201,91.972,6
0,6,BANC,CISO,1577836800,76.253,76.253,0
0,6,BANC,CISO,1579154400,81.548,81.548,0
0,6,BANC,CISO,1580472000,55.83,55.83,0
0,6,BANC,CISO,1581789600,52.267,52.267,0
0,6,BANC,CISO,1583107200,52.43,52.43,0
0,6,BANC,CISO,1584424800,83.316,83.316,0
0,6,BANC,CISO,1585742400,44.33,44.33,0
0,6,BANC,CISO,1587060000,33.313,33.313,0
0,6,BANC,CISO,1588377600,41.117,42.749,1
0,6,BANC,CISO,1589695200,42.187,42.187,0
0,6,BANC,CISO,1591012800,42.378,42.378,0
0,6,BANC,CISO,1592330400,40.383,40.383,0
0,6,BANC,CISO,1593648000,37.688,37.688,0
0,6,BANC,CISO,1594965600,55.204,55.204,0
0,6,BANC,CISO,1596283200,56.684,56.684,0
0,6,BANC,CISO,1597600800,78.197,78.197,0
0,6,BANC,CISO,1598918400,75.022,75.022,0
0,6,BANC,CISO,1600236000,80.174,80.174,0
0,6,BANC,CISO,1601553600,81.036,81.036,0
0,6,BANC,CISO,1602871200,74.249,74.249,0
0,6,BANC,CISO,1604188800,87.09,87.09,0
0,6,BANC,CISO,1605506400,93.475,93.475,0
0,6,BANC,CISO,1606824000,108.643,108.643,0
0,6,BANC,CISO,1608141600,91.972,91.972,0
0,2,CISO,BANC,1577836800,77.233,130.428,3
0,2,CISO,BANC,1579154400,83.411,140.472,1
0,2,CISO,BANC,1580472000,57.556,117.952,1
0,2,CISO,BANC,1581789600,51.182,103.569,5
0,2,CISO,BANC,1583107200,52.851,104.144,3
0,2,CISO,BANC,1584424800,84.87,135.48,1
0,2,CISO,BANC,1585742400,45.644,79.732,3
0,2,CISO,BANC,1587060000,33.344,80.679,1
0,2,CISO,BANC,1588377600,38.823,56.36,4
0,2,CISO,BANC,1589695200,39.029,62.849,5
0,2,CISO,BANC,1591012800,43.464,94.687,1
0,2,CISO,BANC,1592330400,39.089,66.377,3
0,2,CISO,BANC,1593648000,38.15,73.665,3
0,2,CISO,BANC,1594965600,56.289,90.516,5
0,2,CISO,BANC,1596283200,57.218,92.419,5
0,2,CISO,BANC,1597600800,78.689,127.384,1
0,2,CISO,BANC,1598918400,75.944,110.116,5
0,2,CISO,BANC,1600236000,81.403,126.99,1
0,2,CISO,BANC,1601553600,82.318,129.978,1
0,2,CISO,BANC,1602871200,74.766,142.021,1
0,2,CISO,BANC,1604188800,87.91,143.8,3
0,2,CISO,BANC,1605506400,93.105,123.623,5
0,2,CISO,BANC,1606824000,107.079,121.375,5
0,2,CISO,BANC,1608141600,91.787,120.762,7
0,6,CISO,BANC,1577836800,78.033,130.428,1
0,6,CISO,BANC,1579154400,83.411,140.472,1
0,6,CISO,BANC,1580472000,57.556,117.952,1
0,6,CISO,BANC,1581789600,52.387,103.569,1
0,6,CISO,BANC,1583107200,52.948,104.144,1
0,6,CISO,BANC,1584424800,84.87,135.48,1
0,6,CISO,BANC,1585742400,45.691,79.732,1
0,6,CISO,BANC,1587060000,33.344,80.679,1
0,6,CISO,BANC,1588377600,41.037,56.36,2
0,6,CISO,BANC,1589695200,43.178,62.849,1
0,6,CISO,BANC,1591012800,43.464,94.687,1
0,6,CISO,BANC,1592330400,40.121,66.377,1
0,6,CISO,BANC,1593648000,38.251,73.665,1
0,6,CISO,BANC,1594965600,56.366,90.516,1
0,6,CISO,BANC,1596283200,57.672,92.419,1
0,6,CISO,BANC,1597600800,78.689,127.384,1
0,6,CISO,BANC,1598918400,75.908,110.116,1
0,6,CISO,BANC,1600236000,81.403,126.99,1
0,6,CISO,BANC,1601553600,82.318,129.978,1
0,6,CISO,BANC,1602871200,74.766,142.021,1
0,6,CISO,BANC,1604188800,88.504,143.8,1
0,6,CISO,BANC,1605506400,95.162,123.623,1
0,6,CISO,BANC,1606824000,108.889,121.375,1
0,6,CISO,BANC,1608141600,92.558,120.762,1
5,2,BANC,CISO,1577836800,77.274,77.755,2
5,2,BANC,CISO,1579154400,81.548,81.548,0
5,2,BANC,CISO,1580472000,55.83,55.83,0
5,2,BANC,CISO,1581789600,53.075,53.687,5
5,2,BANC,CISO,1583107200,53.594,53.467,2
5,2,BANC,CISO,1584424800,83.316,83.316,0
5,2,BANC,CISO,1585742400,45.279,45.136,2
5,2,BANC,CISO,1587060000,33.313,33.313,0
5,2,BANC,CISO,1588377600,40.048,43.544,5
5,2,BANC,CISO,1589695200,39.384,43.181,4
5,2,BANC,CISO,1591012800,42.378,42.378,0
5,2,BANC,CISO,1592330400,40.404,41.117,4
5,2,BANC,CISO,1593648000,38.493,38.452,2
5,2,BANC,CISO,1594965600,56.65,56.286,4
5,2,BANC,CISO,1596283200,57.865,57.855,4
5,2,BANC,CISO,1597600800,78.197,78.197,0
5,2,BANC,CISO,1598918400,76.786,76.177,4
5,2,BANC,CISO,1600236000,80.174,80.174,0
5,2,BANC,CISO,1601553600,81.036,81.036,0
5,2,BANC,CISO,1602871200,74.249,74.249,0
5,2,BANC,CISO,1604188800,88.001,88.215,2
5,2,BANC,CISO,1605506400,94.423,95.731,4
5,2,BANC,CISO,1606824000,110.203,111.264,4
5,2,BANC,CISO,1608141600,93.795,93.461,6
5,6,BANC,CISO,1577836800,76.253,76.253,0
5,6,BANC,CISO,1579154400,81.548,81.548,0
5,6,BANC,CISO,1580472000,55.83,55.83,0
5,6,BANC,CISO,1581789600,52.267,52.267,0
5,6,BANC,CISO,1583107200,52.43,52.43,0
5,6,BANC,CISO,1584424800,83.316,83.316,0
5,6,BANC,CISO,1585742400,44.33,44.33,0
5,6,BANC,CISO,1587060000,33.313,33.313,0
5,6,BANC,CISO,1588377600,42.536,43.544,1
5,6,BANC,CISO,1589695200,42.187,42.187,0
5,6,BANC,CISO,1591012800,42.378,42.378,0
5,6,BANC,CISO,1592330400,40.383,40.383,0
5,6,BANC,CISO,1593648000,37.688,37.688,0
5,6,BANC,CISO,1594965600,55.204,55.204,0
5,6,BANC,CISO,1596283200,56.684,56.684,0
5,6,BANC,CISO,1597600800,78.197,78.197,0
5,6,BANC,CISO,1598918400,75.022,75.022,0
5,6,BANC,CISO,1600236000,80.174,80.174,0
5,6,BANC,CISO,1601553600,81.036,81.036,0
5,6,BANC,CISO,1602871200,74.249,74.249,0
5,6,BANC,CISO,1604188800,87.09,87.09,0
5,6,BANC,CISO,1605506400,93.475,93.475,0
5,6,BANC,CISO,1606824000,108.643,108.643,0
5,6,BANC,CISO,1608141600,91.972,91.972,0
5,2,CISO,BANC,1577836800,79.311,133.596,3
5,2,CISO,BANC,1579154400,85.396,143.954,1
5,2,CISO,BANC,1580472000,59.104,120.693,1
5,2,CISO,BANC,1581789600,53.319,104.847,6
5,2,CISO,BANC,1583107200,54.267,106.009,3
5,2,CISO,BANC,1584424800,87.248,138.572,1
5,2,CISO,BANC,1585742400,46.82,81.722,3
5,2,CISO,BANC,1587060000,34.071,81.482,1
5,2,CISO,BANC,1588377600,39.883,57.048,4
5,2,CISO,BANC,1589695200,40.53,64.365,5
5,2,CISO,BANC,1591012800,44.669,97.07,1
5,2,CISO,BANC,1592330400,40.063,67.397,3
5,2,CISO,BANC,1593648000,39.17,75.098,3
5,2,CISO,BANC,1594965600,57.989,92.803,5
5,2,CISO,BANC,1596283200,59.045,94.38,5
5,2,CISO,BANC,1597600800,80.466,129.72,1
5,2,CISO,BANC,1598918400,77.846,112.244,5
5,2,CISO,BANC,1600236000,83.481,129.943,1
5,2,CISO,BANC,1601553600,84.228,132.794,1
5,2,CISO,BANC,1602871200,76.511,143.701,1
5,2,CISO,BANC,1604188800,89.65,146.605,3
5,2,CISO,BANC,1605506400,96.359,126.344,5
5,2,CISO,BANC,1606824000,110.675,124.252,5
5,2,CISO,BANC,1608141600,94.556,122.495,7
5,6,CISO,BANC,1577836800,79.791,133.596,1
5,6,CISO,BANC,1579154400,85.396,143.954,1
5,6,CISO,BANC,1580472000,59.104,120.693,1
5,6,CISO,BANC,1581789600,53.931,104.847,1
5,6,CISO,BANC,1583107200,54.14,106.009,1
5,6,CISO,BANC,1584424800,87.248,138.572,1
5,6,CISO,BANC,1585742400,46.676,81.722,1
5,6,CISO,BANC,1587060000,34.071,81.482,1
5,6,CISO,BANC,1588377600,42.534,57.048,2
5,6,CISO,BANC,1589695200,44.327,64.365,1
5,6,CISO,BANC,1591012800,44.669,97.07,1
5,6,CISO,BANC,1592330400,40.913,67.397,1
5,6,CISO,BANC,1593648000,39.129,75.098,1
5,6,CISO,BANC,1594965600,57.624,92.803,1
5,6,CISO,BANC,1596283200,59.035,94.38,1
5,6,CISO,BANC,1597600800,80.466,129.72,1
5,6,CISO,BANC,1598918400,77.237,112.244,1
5,6,CISO,BANC,1600236000,83.481,129.943,1
5,6,CISO,BANC,1601553600,84.228,132.794,1
5,6,CISO,BANC,1602871200,76.511,143.701,1
5,6,CISO,BANC,1604188800,89.863,146.605,1
5,6,CISO,BANC,1605506400,97.667,126.344,1
5,6,CISO,BANC,1606824000,111.736,124.252,1
5,6,CISO,BANC,1608141600,94.222,122.495,1
10,2,BANC,CISO,1577836800,77.593,77.755,2
10,2,BANC,CISO,1579154400,81.548,81.548,0
10,2,BANC,CISO,1580472000,55.83,55.83,0
10,2,BANC,CISO,1581789600,53.669,53.687,5
10,2,BANC,CISO,1583107200,53.818,53.467,2
10,2,BANC,CISO,1584424800,83.316,83.316,0
10,2,BANC,CISO,1585742400,45.47,45.136,2
10,2,BANC,CISO,1587060000,33.313,33.313,0
10,2,BANC,CISO,1588377600,40.505,43.544,5
10,2,BANC,CISO,1589695200,39.736,43.181,4
10,2,BANC,CISO,1591012800,42.378,42.378,0
10,2,BANC,CISO,1592330400,40.722,41.117,4
10,2,BANC,CISO,1593648000,38.636,38.452,2
10,2,BANC,CISO,1594965600,57.091,56.286,4
10,2,BANC,CISO,1596283200,58.329,57.855,4
10,2,BANC,CISO,1597600800,78.197,78.197,0
10,2,BANC,CISO,1598918400,77.359,76.177,4
10,2,BANC,CISO,1600236000,80.174,80.174,0
10,2,BANC,CISO,1601553600,81.036,81.036,0
10,2,BANC,CISO,1602871200,74.249,74.249,0
10,2,BANC,CISO,1604188800,88.381,88.215,2
10,2,BANC,CISO,1605506400,95.172,95.731,4
10,2,BANC,CISO,1606824000,110.952,111.264,4
10,2,BANC,CISO,1608141600,94.9,93.461,6
10,6,BANC,CISO,1577836800,76.253,76.253,0
10,6,BANC,CISO,1579154400,81.548,81.548,0
10,6,BANC,CISO,1580472000,55.83,55.83,0
10,6,BANC,CISO,1581789600,52.267,52.267,0
10,6,BANC,CISO,1583107200,52.43,52.43,0
10,6,BANC,CISO,1584424800,83.316,83.316,0
10,6,BANC,CISO,1585742400,44.33,44.33,0
10,6,BANC,CISO,1587060000,33.313,33.313,0
10,6,BANC,CISO,1588377600,42.595,43.544,1
10,6,BANC,CISO,1589695200,42.187,42.187,0
10,6,BANC,CISO,1591012800,42.378,42.378,0
10,6,BANC,CISO,1592330400,40.383,40.383,0
10,6,BANC,CISO,1593648000,37.688,37.688,0
10,6,BANC,CISO,1594965600,55.204,55.204,0
10,6,BANC,CISO,1596283200,56.684,56.684,0
10,6,BANC,CISO,1597600800,78.197,78.197,0
10,6,BANC,CISO,1598918400,75.022,75.022,0
10,6,BANC,CISO,1600236000,80.174,80.174,0
10,6,BANC,CISO,1601553600,81.036,81.036,0
10,6,BANC,CISO,1602871200,74.249,74.249,0
10,6,BANC,CISO,1604188800,87.09,87.09,0
10,6,BANC,CISO,1605506400,93.475,93.475,0
10,6,BANC,CISO,1606824000,108.643,108.643,0
10,6,BANC,CISO,1608141600,91.972,91.972,0
10,2,CISO,BANC,1577836800,79.886,133.596,3
10,2,CISO,BANC,1579154400,85.693,143.954,1
10,2,CISO,BANC,1580472000,59.358,120.693,1
10,2,CISO,BANC,1581789600,54.037,104.847,6
10,2,CISO,BANC,1583107200,54.646,106.009,3
10,2,CISO,BANC,1584424800,87.527,138.572,1
10,2,CISO,BANC,1585742400,47.189,81.722,3
10,2,CISO,BANC,1587060000,34.145,81.482,1
10,2,CISO,BANC,1588377600,40.255,57.048,4
10,2,CISO,BANC,1589695200,41.038,64.365,5
10,2,CISO,BANC,1591012800,44.827,97.07,1
10,2,CISO,BANC,1592330400,40.302,67.397,3
10,2,CISO,BANC,1593648000,39.428,75.098,3
10,2,CISO,BANC,1594965600,58.606,92.803,5
10,2,CISO,BANC,1596283200,59.702,94.38,5
10,2,CISO,BANC,1597600800,80.645,129.72,1
10,2,CISO,BANC,1598918400,78.593,112.244,5
10,2,CISO,BANC,1600236000,83.726,129.943,1
10,2,CISO,BANC,1601553600,84.481,132.794,1
10,2,CISO,BANC,1602871200,76.696,143.701,1
10,2,CISO,BANC,1604188800,90.265,146.605,3
10,2,CISO,BANC,1605506400,97.357,126.344,5
10,2,CISO,BANC,1606824000,111.65,124.252,5
10,2,CISO,BANC,1608141600,97.457,124.225,7
10,6,CISO,BANC,1577836800,80.048,133.596,1
10,6,CISO,BANC,1579154400,85.693,143.954,1
10,6,CISO,BANC,1580472000,59.358,120.693,1
10,6,CISO,BANC,1581789600,54.055,104.847,1
10,6,CISO,BANC,1583107200,54.295,106.009,1
10,6,CISO,BANC,1584424800,87.527,138.572,1
10,6,CISO,BANC,1585742400,46.855,81.722,1
10,6,CISO,BANC,1587060000,34.145,81.482,1
10,6,CISO,BANC,1588377600,42.672,57.048,2
10,6,CISO,BANC,1589695200,44.483,64.365,1
10,6,CISO,BANC,1591012800,44.827,97.07,1
10,6,CISO,BANC,1592330400,40.969,67.397,1
10,6,CISO,BANC,1593648000,39.243,75.098,1
10,6,CISO,BANC,1594965600,57.801,92.803,1
10,6,CISO,BANC,1596283200,59.228,94.38,1
10,6,CISO,BANC,1597600800,80.645,129.72,1
10,6,CISO,BANC,1598918400,77.411,112.244,1
10,6,CISO,BANC,1600236000,83.726,129.943,1
10,6,CISO,BANC,1601553600,84.481,132.794,1
10,6,CISO,BANC,1602871200,76.696,143.701,1
10,6,CISO,BANC,1604188800,90.099,146.605,1
10,6,CISO,BANC,1605506400,97.916,126.344,1
10,6,CISO,BANC,1606824000,111.962,124.252,1
10,6,CISO,BANC,1608141600,94.397,122.495,1
15,2,BANC,CISO,1577836800,77.912,77.755,2
15,2,BANC,CISO,1579154400,81.548,81.548,0
15,2,BANC,CISO,1580472000,55.83,55.83,0
15,2,BANC,CISO,1581789600,55.539,55.191,5
15,2,BANC,CISO,1583107200,54.042,53.467,2
15,2,BANC,CISO,1584424800,83.316,83.316,0
15,2,BANC,CISO,1585742400,45.661,45.136,2
15,2,BANC,CISO,1587060000,33.313,33.313,0
15,2,BANC,CISO,1588377600,42.235,44.17,6
15,2,BANC,CISO,1589695200,40.088,43.181,4
15,2,BANC,CISO,1591012800,42.378,42.378,0
15,2,BANC,CISO,1592330400,41.04,41.117,4
15,2,BANC,CISO,1593648000,38.779,38.452,2
15,2,BANC,CISO,1594965600,57.532,56.286,4
15,2,BANC,CISO,1596283200,58.792,57.855,4
15,2,BANC,CISO,1597600800,78.197,78.197,0
15,2,BANC,CISO,1598918400,77.932,76.177,4
15,2,BANC,CISO,1600236000,80.174,80.174,0
15,2,BANC,CISO,1601553600,81.036,81.036,0
15,2,BANC,CISO,1602871200,74.249,74.249,0
15,2,BANC,CISO,1604188800,88.761,88.215,2
15,2,BANC,CISO,1605506400,95.921,95.731,4
15,2,BANC,CISO,1606824000,111.701,111.264,4
15,2,BANC,CISO,1608141600,97.626,95.082,6
15,6,BANC,CISO,1577836800,76.253,76.253,0
15,6,BANC,CISO,1579154400,81.548,81.548,0
15,6,BANC,CISO,1580472000,55.83,55.83,0
15,6,BANC,CISO,1581789600,52.267,52.267,0
15,6,BANC,CISO,1583107200,52.43,52.43,0
15,6,BANC,CISO,1584424800,83.316,83.316,0
15,6,BANC,CISO,1585742400,44.33,44.33,0
15,6,BANC,CISO,1587060000,33.313,33.313,0
15,6,BANC,CISO,1588377600,42.655,43.544,1
15,6,BANC,CISO,1589695200,42.187,42.187,0
15,6,BANC,CISO,1591012800,42.378,42.378,0
15,6,BANC,CISO,1592330400,40.383,40.383,0
15,6,BANC,CISO,1593648000,37.688,37.688,0
15,6,BANC,CISO,1594965600,55.204,55.204,0
15,6,BANC,CISO,1596283200,56.684,56.684,0
15,6,BANC,CISO,1597600800,78.197,78.197,0
15,6,BANC,CISO,1598918400,75.022,75.022,0
15,6,BANC,CISO,1600236000,80.174,80.174,0
15,6,BANC,CISO,1601553600,81.036,81.036,0
15,6,BANC,CISO,1602871200,74.249,74.249,0
15,6,BANC,CISO,1604188800,87.09,87.09,0
15,6,BANC,CISO,1605506400,93.475,93.475,0
15,6,BANC,CISO,1606824000,108.643,108.643,0
15,6,BANC,CISO,1608141600,91.972,91.972,0
15,2,CISO,BANC,1577836800,80.462,133.596,3
15,2,CISO,BANC,1579154400,85.99,143.954,1
15,2,CISO,BANC,1580472000,59.612,120.693,1
15,2,CISO,BANC,1581789600,56.031,106.124,6
15,2,CISO,BANC,1583107200,55.025,106.009,3
15,2,CISO,BANC,1584424800,87.805,138.572,1
15,2,CISO,BANC,1585742400,47.559,81.722,3
15,2,CISO,BANC,1587060000,34.22,81.482,1
15,2,CISO,BANC,1588377600,40.626,57.048,4
15,2,CISO,BANC,1589695200,42.498,65.806,5
15,2,CISO,BANC,1591012800,44.984,97.07,1
15,2,CISO,BANC,1592330400,40.542,67.397,3
15,2,CISO,BANC,1593648000,39.685,75.098,3
15,2,CISO,BANC,1594965600,60.535,95.128,5
15,2,CISO,BANC,1596283200,61.444,96.285,5
15,2,CISO,BANC,1597600800,80.823,129.72,1
15,2,CISO,BANC,1598918400,80.506,114.727,5
15,2,CISO,BANC,1600236000,83.97,129.943,1
15,2,CISO,BANC,1601553600,84.733,132.794,1
15,2,CISO,BANC,1602871200,76.882,143.701,1
15,2,CISO,BANC,1604188800,90.88,146.605,3
15,2,CISO,BANC,1605506400,100.618,129.055,5
15,2,CISO,BANC,1606824000,115.226,127.209,5
15,2,CISO,BANC,1608141600,98.737,124.225,7
15,6,CISO,BANC,1577836800,80.305,133.596,1
15,6,CISO,BANC,1579154400,85.99,143.954,1
15,6,CISO,BANC,1580472000,59.612,120.693,1
15,6,CISO,BANC,1581789600,54.179,104.847,1
15,6,CISO,BANC,1583107200,54.45,106.009,1
15,6,CISO,BANC,1584424800,87.805,138.572,1
15,6,CISO,BANC,1585742400,47.034,81.722,1
15,6,CISO,BANC,1587060000,34.22,81.482,1
15,6,CISO,BANC,1588377600,42.811,57.048,2
15,6,CISO,BANC,1589695200,44.638,64.365,1
15,6,CISO,BANC,1591012800,44.984,97.07,1
15,6,CISO,BANC,1592330400,41.026,67.397,1
15,6,CISO,BANC,1593648000,39.358,75.098,1
15,6,CISO,BANC,1594965600,57.978,92.803,1
15,6,CISO,BANC,1596283200,59.422,94.38,1
15,6,CISO,BANC,1597600800,80.823,129.72,1
15,6,CISO,BANC,1598918400,77.585,112.244,1
15,6,CISO,BANC,1600236000,83.97,129.943,1
15,6,CISO,BANC,1601553600,84.733,132.794,1
15,6,CISO,BANC,1602871200,76.882,143.701,1
15,6,CISO,BANC,1604188800,90.334,146.605,1
15,6,CISO,BANC,1605506400,98.165,126.344,1
15,6,CISO,BANC,1606824000,112.188,124.252,1
15,6,CISO,BANC,1608141600,94.572,122.495,1
20,2,BANC,CISO,1577836800,78.232,77.755,2
20,2,BANC,CISO,1579154400,81.548,81.548,0
20,2,BANC,CISO,1580472000,55.83,55.83,0
20,2,BANC,CISO,1581789600,56.133,55.191,5
20,2,BANC,CISO,1583107200,54.267,53.467,2
20,2,BANC,CISO,1584424800,83.316,83.316,0
20,2,BANC,CISO,1585742400,45.851,45.136,2
20,2,BANC,CISO,1587060000,33.313,33.313,0
20,2,BANC,CISO,1588377600,42.777,44.17,6
20,2,BANC,CISO,1589695200,41.392,44.133,4
20,2,BANC,CISO,1591012800,42.378,42.378,0
20,2,BANC,CISO,1592330400,42.083,41.842,4
20,2,BANC,CISO,1593648000,38.922,38.452,2
20,2,BANC,CISO,1594965600,59.285,57.597,4
20,2,BANC,CISO,1596283200,60.341,58.939,4
20,2,BANC,CISO,1597600800,78.197,78.197,0
20,2,BANC,CISO,1598918400,79.67,77.342,4
20,2,BANC,CISO,1600236000,80.174,80.174,0
20,2,BANC,CISO,1601553600,81.036,81.036,0
20,2,BANC,CISO,1602871200,74.249,74.249,0
20,2,BANC,CISO,1604188800,89.14,88.215,2
20,2,BANC,CISO,1605506400,98.934,97.995,4
20,2,BANC,CISO,1606824000,115.052,113.865,4
20,2,BANC,CISO,1608141600,98.731,95.082,6
20,6,BANC,CISO,1577836800,76.253,76.253,0
20,6,BANC,CISO,1579154400,81.548,81.548,0
20,6,BANC,CISO,1580472000,55.83,55.83,0
20,6,BANC,CISO,1581789600,52.267,52.267,0
20,6,BANC,CISO,1583107200,52.43,52.43,0
20,6,BANC,CISO,1584424800,83.316,83.316,0
20,6,BANC,CISO,1585742400,44.33,44.33,0
20,6,BANC,CISO,1587060000,33.313,33.313,0
20,6,BANC,CISO,1588377600,42.715,43.544,1
20,6,BANC,CISO,1589695200,42.187,42.187,0
20,6,BANC,CISO,1591012800,42.378,42.378,0
20,6,BANC,CISO,1592330400,40.383,40.383,0
20,6,BANC,CISO,1593648000,37.688,37.688,0
20,6,BANC,CISO,1594965600,55.204,55.204,0
20,6,BANC,CISO,1596283200,56.684,56.684,0
20,6,BANC,CISO,1597600800,78.197,78.197,0
20,6,BANC,CISO,1598918400,75.022,75.022,0
20,6,BANC,CISO,1600236000,80.174,80.174,0
20,6,BANC,CISO,1601553600,81.036,81.036,0
20,6,BANC,CISO,1602871200,74.249,74.249,0
20,6,BANC,CISO,1604188800,87.09,87.09,0
20,6,BANC,CISO,1605506400,93.475,93.475,0
20,6,BANC,CISO,1606824000,108.643,108.643,0
20,6,BANC,CISO,1608141600,91.972,91.972,0
20,2,CISO,BANC,1577836800,81.038,133.596,3
20,2,CISO,BANC,1579154400,86.287,143.954,1
20,2,CISO,BANC,1580472000,59.867,120.693,1
20,2,CISO,BANC,1581789600,56.749,106.124,6
20,2,CISO,BANC,1583107200,55.404,106.009,3
20,2,CISO,BANC,1584424800,88.084,138.572,1
20,2,CISO,BANC,1585742400,47.928,81.722,3
20,2,CISO,BANC,1587060000,34.294,81.482,1
20,2,CISO,BANC,1588377600,42.356,58.067,5
20,2,CISO,BANC,1589695200,43.006,65.806,5
20,2,CISO,BANC,1591012800,45.142,97.07,1
20,2,CISO,BANC,1592330400,40.781,67.397,3
20,2,CISO,BANC,1593648000,39.943,75.098,3
20,2,CISO,BANC,1594965600,61.153,95.128,5
20,2,CISO,BANC,1596283200,62.101,96.285,5
20,2,CISO,BANC,1597600800,81.002,129.72,1
20,2,CISO,BANC,1598918400,81.253,114.727,5
20,2,CISO,BANC,1600236000,84.215,129.943,1
20,2,CISO,BANC,1601553600,84.985,132.794,1
20,2,CISO,BANC,1602871200,77.068,143.701,1
20,2,CISO,BANC,1604188800,91.495,146.605,3
20,2,CISO,BANC,1605506400,101.616,129.055,5
20,2,CISO,BANC,1606824000,116.202,127.209,5
20,2,CISO,BANC,1608141600,101.678,125.937,7
20,6,CISO,BANC,1577836800,80.561,133.596,1
20,6,CISO,BANC,1579154400,86.287,143.954,1
20,6,CISO,BANC,1580472000,59.867,120.693,1
20,6,CISO,BANC,1581789600,54.303,104.847,1
20,6,CISO,BANC,1583107200,54.605,106.009,1
20,6,CISO,BANC,1584424800,88.084,138.572,1
20,6,CISO,BANC,1585742400,47.213,81.722,1
20,6,CISO,BANC,1587060000,34.294,81.482,1
20,6,CISO,BANC,1588377600,42.949,57.048,2
20,6,CISO,BANC,1589695200,44.794,64.365,1
20,6,CISO,BANC,1591012800,45.142,97.07,1
20,6,CISO,BANC,1592330400,41.084,67.397,1
20,6,CISO,BANC,1593648000,39.472,75.098,1
20,6,CISO,BANC,1594965600,58.154,92.803,1
20,6,CISO,BANC,1596283200,59.615,94.38,1
20,6,CISO,BANC,1597600800,81.002,129.72,1
20,6,CISO,BANC,1598918400,77.76,112.244,1
20,6,CISO,BANC,1600236000,84.215,129.943,1
20,6,CISO,BANC,1601553600,84.985,132.794,1
20,6,CISO,BANC,1602871200,77.068,143.701,1
20,6,CISO,BANC,1604188800,90.569,146.605,1
20,6,CISO,BANC,1605506400,98.413,126.344,1
20,6,CISO,BANC,1606824000,112.414,124.252,1
20,6,CISO,BANC,1608141600,94.747,122.495,1
30,2,BANC,CISO,1577836800,78.87,77.755,2
30,2,BANC,CISO,1579154400,81.548,81.548,0
30,2,BANC,CISO,1580472000,55.83,55.83,0
30,2,BANC,CISO,1581789600,58.597,56.696,5
30,2,BANC,CISO,1583107200,54.715,53.467,2
30,2,BANC,CISO,1584424800,83.316,83.316,0
30,2,BANC,CISO,1585742400,46.232,45.136,2
30,2,BANC,CISO,1587060000,33.313,33.313,0
30,2,BANC,CISO,1588377600,44.593,44.902,6
30,2,BANC,CISO,1589695200,42.097,44.133,4
30,2,BANC,CISO,1591012800,42.378,42.378,0
30,2,BANC,CISO,1592330400,42.719,41.842,4
30,2,BANC,CISO,1593648000,39.208,38.452,2
30,2,BANC,CISO,1594965600,60.167,57.597,4
30,2,BANC,CISO,1596283200,61.268,58.939,4
30,2,BANC,CISO,1597600800,78.197,78.197,0
30,2,BANC,CISO,1598918400,80.816,77.342,4
30,2,BANC,CISO,1600236000,80.174,80.174,0
30,2,BANC,CISO,1601553600,81.036,81.036,0
30,2,BANC,CISO,1602871200,74.249,74.249,0
30,2,BANC,CISO,1604188800,89.9,88.215,2
30,2,BANC,CISO,1605506400,100.432,97.995,4
30,2,BANC,CISO,1606824000,116.55,113.865,4
30,2,BANC,CISO,1608141600,102.601,96.743,6
30,6,BANC,CISO,1577836800,76.253,76.253,0
30,6,BANC,CISO,1579154400,81.548,81.548,0
30,6,BANC,CISO,1580472000,55.83,55.83,0
30,6,BANC,CISO,1581789600,52.267,52.267,0
30,6,BANC,CISO,1583107200,52.43,52.43,0
30,6,BANC,CISO,1584424800,83.316,83.316,0
30,6,BANC,CISO,1585742400,44.33,44.33,0
30,6,BANC,CISO,1587060000,33.313,33.313,0
30,6,BANC,CISO,1588377600,42.191,43.544,1
30,6,BANC,CISO,1589695200,42.187,42.187,0
30,6,BANC,CISO,1591012800,42.378,42.378,0
30,6,BANC,CISO,1592330400,40.383,40.383,0
30,6,BANC,CISO,1593648000,37.688,37.688,0
30,6,BANC,CISO,1594965600,55.204,55.204,0
30,6,BANC,CISO,1596283200,56.684,56.684,0
30,6,BANC,CISO,1597600800,78.197,78.197,0
30,6,BANC,CISO,1598918400,75.022,75.022,0
30,6,BANC,CISO,1600236000,80.174,80.174,0
30,6,BANC,CISO,1601553600,81.036,81.036,0
30,6,BANC,CISO,1602871200,74.249,74.249,0
30,6,BANC,CISO,1604188800,87.09,87.09,0
30,6,BANC,CISO,1605506400,93.475,93.475,0
30,6,BANC,CISO,1606824000,108.643,108.643,0
30,6,BANC,CISO,1608141600,91.972,91.972,0
30,2,CISO,BANC,1577836800,83.455,136.984,3
30,2,CISO,BANC,1579154400,86.882,143.954,1
30,2,CISO,BANC,1580472000,60.376,120.693,1
30,2,CISO,BANC,1581789600,59.461,107.401,6
30,2,CISO,BANC,1583107200,57.03,108.396,3
30,2,CISO,BANC,1584424800,88.64,138.572,1
30,2,CISO,BANC,1585742400,49.306,83.754,3
30,2,CISO,BANC,1587060000,34.442,81.482,1
30,2,CISO,BANC,1588377600,44.001,59.593,5
30,2,CISO,BANC,1589695200,45.013,67.236,5
30,2,CISO,BANC,1591012800,45.456,97.07,1
30,2,CISO,BANC,1592330400,41.984,68.483,3
30,2,CISO,BANC,1593648000,41.199,76.823,3
30,2,CISO,BANC,1594965600,63.748,97.406,5
30,2,CISO,BANC,1596283200,64.65,97.942,5
30,2,CISO,BANC,1597600800,81.359,129.72,1
30,2,CISO,BANC,1598918400,83.932,117.369,5
30,2,CISO,BANC,1600236000,84.704,129.943,1
30,2,CISO,BANC,1601553600,85.49,132.794,1
30,2,CISO,BANC,1602871200,77.439,143.701,1
30,2,CISO,BANC,1604188800,93.786,149.845,3
30,2,CISO,BANC,1605506400,105.966,131.75,5
30,2,CISO,BANC,1606824000,120.262,130.157,5
30,2,CISO,BANC,1608141600,106.903,127.714,8
30,6,CISO,BANC,1577836800,81.074,133.596,1
30,6,CISO,BANC,1579154400,86.882,143.954,1
30,6,CISO,BANC,1580472000,60.376,120.693,1
30,6,CISO,BANC,1581789600,54.551,104.847,1
30,6,CISO,BANC,1583107200,54.914,106.009,1
30,6,CISO,BANC,1584424800,88.64,138.572,1
30,6,CISO,BANC,1585742400,47.571,81.722,1
30,6,CISO,BANC,1587060000,34.442,81.482,1
30,6,CISO,BANC,1588377600,42.582,57.048,2
30,6,CISO,BANC,1589695200,45.105,64.365,1
30,6,CISO,BANC,1591012800,45.456,97.07,1
30,6,CISO,BANC,1592330400,41.198,67.397,1
30,6,CISO,BANC,1593648000,39.701,75.098,1
30,6,CISO,BANC,1594965600,58.508,92.803,1
30,6,CISO,BANC,1596283200,60.001,94.38,1
30,6,CISO,BANC,1597600800,81.359,129.72,1
30,6,CISO,BANC,1598918400,78.108,112.244,1
30,6,CISO,BANC,1600236000,84.704,129.943,1
30,6,CISO,BANC,1601553600,85.49,132.794,1
30,6,CISO,BANC,1602871200,77.439,143.701,1
30,6,CISO,BANC,1604188800,91.04,146.605,1
30,6,CISO,BANC,1605506400,98.91,126.344,1
30,6,CISO,BANC,1606824000,112.866,124.252,1
30,6,CISO,BANC,1608141600,95.097,122.495,1
45,2,BANC,CISO,1577836800,81.093,79.02,2
45,2,BANC,CISO,1579154400,81.548,81.548,0
45,2,BANC,CISO,1580472000,55.83,55.83,0
45,2,BANC,CISO,1581789600,61.728,58.219,5
45,2,BANC,CISO,1583107200,56.255,54.335,2
45,2,BANC,CISO,1584424800,83.316,83.316,0
45,2,BANC,CISO,1585742400,47.443,45.774,2
45,2,BANC,CISO,1587060000,33.313,33.313,0
45,2,BANC,CISO,1588377600,47.704,46.389,6
45,2,BANC,CISO,1589695200,44.145,45.124,4
45,2,BANC,CISO,1591012800,42.378,42.378,0
45,2,BANC,CISO,1592330400,44.678,42.846,4
45,2,BANC,CISO,1593648000,40.379,39.194,2
45,2,BANC,CISO,1594965600,62.85,58.956,4
45,2,BANC,CISO,1596283200,63.895,60.174,4
45,2,BANC,CISO,1597600800,78.197,78.197,0
45,2,BANC,CISO,1598918400,83.719,78.526,4
45,2,BANC,CISO,1600236000,80.174,80.174,0
45,2,BANC,CISO,1601553600,81.036,81.036,0
45,2,BANC,CISO,1602871200,74.249,74.249,0
45,2,BANC,CISO,1604188800,92.1,89.275,2
45,2,BANC,CISO,1605506400,105.035,100.35,4
45,2,BANC,CISO,1606824000,120.908,115.975,4
45,2,BANC,CISO,1608141600,113.737,101.7,8
45,6,BANC,CISO,1577836800,76.253,76.253,0
45,6,BANC,CISO,1579154400,81.548,81.548,0
45,6,BANC,CISO,1580472000,55.83,55.83,0
45,6,BANC,CISO,1581789600,52.267,52.267,0
45,6,BANC,CISO,1583107200,52.43,52.43,0
45,6,BANC,CISO,1584424800,83.316,83.316,0
45,6,BANC,CISO,1585742400,44.33,44.33,0
45,6,BANC,CISO,1587060000,33.313,33.313,0
45,6,BANC,CISO,1588377600,42.383,43.544,1
45,6,BANC,CISO,1589695200,42.187,42.187,0
45,6,BANC,CISO,1591012800,42.378,42.378,0
45,6,BANC,CISO,1592330400,40.383,40.383,0
45,6,BANC,CISO,1593648000,37.688,37.688,0
45,6,BANC,CISO,1594965600,55.204,55.204,0
45,6,BANC,CISO,1596283200,56.684,56.684,0
45,6,BANC,CISO,1597600800,78.197,78.197,0
45,6,BANC,CISO,1598918400,75.022,75.022,0
45,6,BANC,CISO,1600236000,80.174,80.174,0
45,6,BANC,CISO,1601553600,81.036,81.036,0
45,6,BANC,CISO,1602871200,74.249,74.249,0
45,6,BANC,CISO,1604188800,87.09,87.09,0
45,6,BANC,CISO,1605506400,93.475,93.475,0
45,6,BANC,CISO,1606824000,108.643,108.643,0
45,6,BANC,CISO,1608141600,91.972,91.972,0
45,2,CISO,BANC,1577836800,86.432,140.399,3
45,2,CISO,BANC,1579154400,87.773,143.954,1
45,2,CISO,BANC,1580472000,61.139,120.693,1
45,2,CISO,BANC,1581789600,64.326,110.112,6
45,2,CISO,BANC,1583107200,59.002,111.307,3
45,2,CISO,BANC,1584424800,89.476,138.572,1
45,2,CISO,BANC,1585742400,51.188,85.61,3
45,2,CISO,BANC,1587060000,34.665,81.482,1
45,2,CISO,BANC,1588377600,46.09,61.271,5
45,2,CISO,BANC,1589695200,47.549,68.678,5
45,2,CISO,BANC,1591012800,45.929,97.07,1
45,2,CISO,BANC,1592330400,43.707,69.642,3
45,2,CISO,BANC,1593648000,42.706,78.928,3
45,2,CISO,BANC,1594965600,66.924,99.605,5
45,2,CISO,BANC,1596283200,67.887,99.287,5
45,2,CISO,BANC,1597600800,81.895,129.72,1
45,2,CISO,BANC,1598918400,87.427,119.988,5
45,2,CISO,BANC,1600236000,85.437,129.943,1
45,2,CISO,BANC,1601553600,86.248,132.794,1
45,2,CISO,BANC,1602871200,77.996,143.701,1
45,2,CISO,BANC,1604188800,96.702,153.239,3
45,2,CISO,BANC,1605506400,111.26,134.389,5
45,2,CISO,BANC,1606824000,125.57,132.81,5
45,2,CISO,BANC,1608141600,117.42,134.693,9
45,6,CISO,BANC,1577836800,81.844,133.596,1
45,6,CISO,BANC,1579154400,87.773,143.954,1
45,6,CISO,BANC,1580472000,61.139,120.693,1
45,6,CISO,BANC,1581789600,54.924,104.847,1
45,6,CISO,BANC,1583107200,55.379,106.009,1
45,6,CISO,BANC,1584424800,89.476,138.572,1
45,6,CISO,BANC,1585742400,48.108,81.722,1
45,6,CISO,BANC,1587060000,34.665,81.482,1
45,6,CISO,BANC,1588377600,44.029,58.067,2
45,6,CISO,BANC,1589695200,45.572,64.365,1
45,6,CISO,BANC,1591012800,45.929,97.07,1
45,6,CISO,BANC,1592330400,41.369,67.397,1
45,6,CISO,BANC,1593648000,40.044,75.098,1
45,6,CISO,BANC,1594965600,59.038,92.803,1
45,6,CISO,BANC,1596283200,60.581,94.38,1
45,6,CISO,BANC,1597600800,81.895,129.72,1
45,6,CISO,BANC,1598918400,78.631,112.244,1
45,6,CISO,BANC,1600236000,85.437,129.943,1
45,6,CISO,BANC,1601553600,86.248,132.794,1
45,6,CISO,BANC,1602871200,77.996,143.701,1
45,6,CISO,BANC,1604188800,91.745,146.605,1
45,6,CISO,BANC,1605506400,99.656,126.344,1
45,6,CISO,BANC,1606824000,113.544,124.252,1
45,6,CISO,BANC,1608141600,95.622,122.495,1
60,2,BANC,CISO,1577836800,82.051,79.02,2
60,2,BANC,CISO,1579154400,81.548,81.548,0
60,2,BANC,CISO,1580472000,55.83,55.83,0
60,2,BANC,CISO,1581789600,64.87,59.621,5
60,2,BANC,CISO,1583107200,56.928,54.335,2
60,2,BANC,CISO,1584424800,83.316,83.316,0
60,2,BANC,CISO,1585742400,48.014,45.774,2
60,2,BANC,CISO,1587060000,33.313,33.313,0
60,2,BANC,CISO,1588377600,50.114,47.174,6
60,2,BANC,CISO,1589695200,46.214,46.136,4
60,2,BANC,CISO,1591012800,42.378,42.378,0
60,2,BANC,CISO,1592330400,46.696,43.909,4
60,2,BANC,CISO,1593648000,40.808,39.194,2
60,2,BANC,CISO,1594965600,65.496,60.279,4
60,2,BANC,CISO,1596283200,66.552,61.439,4
60,2,BANC,CISO,1597600800,78.197,78.197,0
60,2,BANC,CISO,1598918400,86.692,79.78,4
60,2,BANC,CISO,1600236000,80.174,80.174,0
60,2,BANC,CISO,1601553600,81.036,81.036,0
60,2,BANC,CISO,1602871200,74.249,74.249,0
60,2,BANC,CISO,1604188800,93.24,89.275,2
60,2,BANC,CISO,1605506400,109.583,102.65,4
60,2,BANC,CISO,1606824000,125.537,118.357,4
60,2,BANC,CISO,1608141600,120.86,104.606,8
60,6,BANC,CISO,1577836800,76.253,76.253,0
60,6,BANC,CISO,1579154400,81.548,81.548,0
60,6,BANC,CISO,1580472000,55.83,55.83,0
60,6,BANC,CISO,1581789600,52.267,52.267,0
60,6,BANC,CISO,1583107200,52.43,52.43,0
60,6,BANC,CISO,1584424800,83.316,83.316,0
60,6,BANC,CISO,1585742400,44.33,44.33,0
60,6,BANC,CISO,1587060000,33.313,33.313,0
60,6,BANC,CISO,1588377600,42.575,43.544,1
60,6,BANC,CISO,1589695200,42.187,42.187,0
60,6,BANC,CISO,1591012800,42.378,42.378,0
60,6,BANC,CISO,1592330400,40.383,40.383,0
60,6,BANC,CISO,1593648000,37.688,37.688,0
60,6,BANC,CISO,1594965600,55.204,55.204,0
60,6,BANC,CISO,1596283200,56.684,56.684,0
60,6,BANC,CISO,1597600800,78.197,78.197,0
60,6,BANC,CISO,1598918400,75.022,75.022,0
60,6,BANC,CISO,1600236000,80.174,80.174,0
60,6,BANC,CISO,1601553600,81.036,81.036,0
60,6,BANC,CISO,1602871200,74.249,74.249,0
60,6,BANC,CISO,1604188800,87.09,87.09,0
60,6,BANC,CISO,1605506400,93.475,93.475,0
60,6,BANC,CISO,1606824000,108.643,108.643,0
60,6,BANC,CISO,1608141600,91.972,91.972,0
60,2,CISO,BANC,1577836800,88.159,140.399,3
60,2,CISO,BANC,1579154400,88.665,143.954,1
60,2,CISO,BANC,1580472000,61.902,120.693,1
60,2,CISO,BANC,1581789600,70.821,113.725,7
60,2,CISO,BANC,1583107200,60.139,111.307,3
60,2,CISO,BANC,1584424800,90.311,138.572,1
60,2,CISO,BANC,1585742400,52.297,85.61,3
60,2,CISO,BANC,1587060000,34.888,81.482,1
60,2,CISO,BANC,1588377600,48.226,62.982,5
60,2,CISO,BANC,1589695200,50.092,70.115,5
60,2,CISO,BANC,1591012800,46.401,97.07,1
60,2,CISO,BANC,1592330400,44.425,69.642,3
60,2,CISO,BANC,1593648000,43.478,78.928,3
60,2,CISO,BANC,1594965600,70.074,101.726,5
60,2,CISO,BANC,1596283200,73.739,101.712,6
60,2,CISO,BANC,1597600800,82.43,129.72,1
60,2,CISO,BANC,1598918400,91.082,122.621,5
60,2,CISO,BANC,1600236000,86.17,129.943,1
60,2,CISO,BANC,1601553600,87.005,132.794,1
60,2,CISO,BANC,1602871200,78.554,143.701,1
60,2,CISO,BANC,1604188800,98.547,153.239,3
60,2,CISO,BANC,1605506400,116.621,137.03,5
60,2,CISO,BANC,1606824000,134.656,136.672,6
60,2,CISO,BANC,1608141600,124.918,140.762,9
60,6,CISO,BANC,1577836800,82.613,133.596,1
60,6,CISO,BANC,1579154400,88.665,143.954,1
60,6,CISO,BANC,1580472000,61.902,120.693,1
60,6,CISO,BANC,1581789600,55.296,104.847,1
60,6,CISO,BANC,1583107200,55.843,106.009,1
60,6,CISO,BANC,1584424800,90.311,138.572,1
60,6,CISO,BANC,1585742400,48.645,81.722,1
60,6,CISO,BANC,1587060000,34.888,81.482,1
60,6,CISO,BANC,1588377600,44.457,58.067,2
60,6,CISO,BANC,1589695200,46.04,64.365,1
60,6,CISO,BANC,1591012800,46.401,97.07,1
60,6,CISO,BANC,1592330400,41.54,67.397,1
60,6,CISO,BANC,1593648000,40.387,75.098,1
60,6,CISO,BANC,1594965600,59.568,92.803,1
60,6,CISO,BANC,1596283200,61.161,94.38,1
60,6,CISO,BANC,1597600800,82.43,129.72,1
60,6,CISO,BANC,1598918400,79.154,112.244,1
60,6,CISO,BANC,1600236000,86.17,129.943,1
60,6,CISO,BANC,1601553600,87.005,132.794,1
60,6,CISO,BANC,1602871200,78.554,143.701,1
60,6,CISO,BANC,1604188800,92.451,146.605,1
60,6,CISO,BANC,1605506400,100.402,126.344,1
60,6,CISO,BANC,1606824000,114.223,124.252,1
60,6,CISO,BANC,1608141600,96.148,122.495,1
90,2,BANC,CISO,1577836800,85.216,80.27,2
90,2,BANC,CISO,1579154400,81.548,81.548,0
90,2,BANC,CISO,1580472000,55.83,55.83,0
90,2,BANC,CISO,1581789600,75.955,64.348,6
90,2,BANC,CISO,1583107200,59.108,55.169,2
90,2,BANC,CISO,1584424800,83.316,83.316,0
90,2,BANC,CISO,1585742400,49.931,46.548,2
90,2,BANC,CISO,1587060000,33.313,33.313,0
90,2,BANC,CISO,1588377600,57.103,49.523,6
90,2,BANC,CISO,1589695200,50.321,48.13,4
90,2,BANC,CISO,1591012800,42.378,42.378,0
90,2,BANC,CISO,1592330400,50.826,46.13,4
90,2,BANC,CISO,1593648000,42.401,39.928,2
90,2,BANC,CISO,1594965600,70.754,62.89,4
90,2,BANC,CISO,1596283200,76.49,66.809,5
90,2,BANC,CISO,1597600800,78.197,78.197,0
90,2,BANC,CISO,1598918400,93.52,83.004,4
90,2,BANC,CISO,1600236000,80.174,80.174,0
90,2,BANC,CISO,1601553600,81.036,81.036,0
90,2,BANC,CISO,1602871200,74.249,74.249,0
90,2,BANC,CISO,1604188800,96.59,90.347,2
90,2,BANC,CISO,1605506400,118.742,107.314,4
90,2,BANC,CISO,1606824000,140.768,126.374,5
90,2,BANC,CISO,1608141600,124.79,105.977,6
90,6,BANC,CISO,1577836800,76.253,76.253,0
90,6,BANC,CISO,1579154400,81.548,81.548,0
90,6,BANC,CISO,1580472000,55.83,55.83,0
90,6,BANC,CISO,1581789600,52.267,52.267,0
90,6,BANC,CISO,1583107200,52.43,52.43,0
90,6,BANC,CISO,1584424800,83.316,83.316,0
90,6,BANC,CISO,1585742400,44.33,44.33,0
90,6,BANC,CISO,1587060000,33.313,33.313,0
90,6,BANC,CISO,1588377600,43.979,44.17,1
90,6,BANC,CISO,1589695200,42.187,42.187,0
90,6,BANC,CISO,1591012800,42.378,42.378,0
90,6,BANC,CISO,1592330400,40.383,40.383,0
90,6,BANC,CISO,1593648000,37.688,37.688,0
90,6,BANC,CISO,1594965600,55.204,55.204,0
90,6,BANC,CISO,1596283200,56.684,56.684,0
90,6,BANC,CISO,1597600800,78.197,78.197,0
90,6,BANC,CISO,1598918400,75.022,75.022,0
90,6,BANC,CISO,1600236000,80.174,80.174,0
90,6,BANC,CISO,1601553600,81.036,81.036,0
90,6,BANC,CISO,1602871200,74.249,74.249,0
90,6,BANC,CISO,1604188800,87.09,87.09,0
90,6,BANC,CISO,1605506400,93.475,93.475,0
90,6,BANC,CISO,1606824000,108.643,108.643,0
90,6,BANC,CISO,1608141600,91.972,91.972,0
90,2,CISO,BANC,1577836800,94.342,147.317,3
90,2,CISO,BANC,1579154400,92.213,147.439,1
90,2,CISO,BANC,1580472000,64.648,123.407,1
90,2,CISO,BANC,1581789600,80.496,126.191,7
90,2,CISO,BANC,1583107200,64.127,117.101,3
90,2,CISO,BANC,1584424800,93.976,141.612,1
90,2,CISO,BANC,1585742400,56.496,88.01,3
90,2,CISO,BANC,1587060000,35.931,82.241,1
90,2,CISO,BANC,1588377600,53.327,67.615,5
90,2,CISO,BANC,1589695200,55.995,74.385,5
90,2,CISO,BANC,1591012800,48.415,99.409,1
90,2,CISO,BANC,1592330400,48.019,72.23,3
90,2,CISO,BANC,1593648000,46.534,83.258,3
90,2,CISO,BANC,1594965600,77.711,107.82,5
90,2,CISO,BANC,1596283200,87.184,108.974,7
90,2,CISO,BANC,1597600800,85.146,132.105,1
90,2,CISO,BANC,1598918400,101.35,130.513,5
90,2,CISO,BANC,1600236000,89.299,132.825,1
90,2,CISO,BANC,1601553600,90.081,135.594,1
90,2,CISO,BANC,1602871200,81.255,145.373,1
90,2,CISO,BANC,1604188800,104.542,159.896,3
90,2,CISO,BANC,1605506400,129.672,145.22,5
90,2,CISO,BANC,1606824000,146.853,141.925,6
90,2,CISO,BANC,1608141600,132.49,146.776,7
90,6,CISO,BANC,1577836800,85.418,136.984,1
90,6,CISO,BANC,1579154400,92.213,147.439,1
90,6,CISO,BANC,1580472000,64.648,123.407,1
90,6,CISO,BANC,1581789600,57.545,106.124,1
90,6,CISO,BANC,1583107200,57.639,108.396,1
90,6,CISO,BANC,1584424800,93.976,141.612,1
90,6,CISO,BANC,1585742400,50.357,83.754,1
90,6,CISO,BANC,1587060000,35.931,82.241,1
90,6,CISO,BANC,1588377600,46.839,59.593,2
90,6,CISO,BANC,1589695200,47.926,65.806,1
90,6,CISO,BANC,1591012800,48.415,99.409,1
90,6,CISO,BANC,1592330400,42.606,68.483,1
90,6,CISO,BANC,1593648000,41.815,76.823,1
90,6,CISO,BANC,1594965600,61.938,95.128,1
90,6,CISO,BANC,1596283200,63.404,96.285,1
90,6,CISO,BANC,1597600800,85.146,132.105,1
90,6,CISO,BANC,1598918400,81.365,114.727,1
90,6,CISO,BANC,1600236000,89.299,132.825,1
90,6,CISO,BANC,1601553600,90.081,135.594,1
90,6,CISO,BANC,1602871200,81.255,145.373,1
90,6,CISO,BANC,1604188800,94.924,149.845,1
90,6,CISO,BANC,1605506400,104.157,129.055,1
90,6,CISO,BANC,1606824000,118.18,127.209,1
90,6,CISO,BANC,1608141600,98.82,124.225,1
120,2,BANC,CISO,1577836800,88.413,81.551,2
120,2,BANC,CISO,1579154400,81.548,81.548,0
120,2,BANC,CISO,1580472000,55.83,55.83,0
120,2,BANC,CISO,1581789600,83.802,67.797,6
120,2,BANC,CISO,1583107200,61.279,55.994,2
120,2,BANC,CISO,1584424800,83.316,83.316,0
120,2,BANC,CISO,1585742400,51.979,47.452,2
120,2,BANC,CISO,1587060000,33.313,33.313,0
120,2,BANC,CISO,1588377600,63.052,52.041,6
120,2,BANC,CISO,1589695200,54.315,50.011,4
120,2,BANC,CISO,1591012800,42.378,42.378,0
120,2,BANC,CISO,1592330400,54.933,48.328,4
120,2,BANC,CISO,1593648000,44.007,40.676,2
120,2,BANC,CISO,1594965600,76.017,65.505,4
120,2,BANC,CISO,1596283200,88.168,72.124,6
120,2,BANC,CISO,1597600800,78.197,78.197,0
120,2,BANC,CISO,1598918400,100.77,86.811,4
120,2,BANC,CISO,1600236000,80.174,80.174,0
120,2,BANC,CISO,1601553600,81.036,81.036,0
120,2,BANC,CISO,1602871200,74.249,74.249,0
120,2,BANC,CISO,1604188800,100.019,91.497,2
120,2,BANC,CISO,1605506400,128.005,112.082,4
120,2,BANC,CISO,1606824000,149.837,130.308,5
120,2,BANC,CISO,1608141600,135.369,110.314,6
120,6,BANC,CISO,1577836800,76.253,76.253,0
120,6,BANC,CISO,1579154400,81.548,81.548,0
120,6,BANC,CISO,1580472000,55.83,55.83,0
120,6,BANC,CISO,1581789600,52.267,52.267,0
120,6,BANC,CISO,1583107200,52.43,52.43,0
120,6,BANC,CISO,1584424800,83.316,83.316,0
120,6,BANC,CISO,1585742400,44.33,44.33,0
120,6,BANC,CISO,1587060000,33.313,33.313,0
120,6,BANC,CISO,1588377600,42.749,42.749,0
120,6,BANC,CISO,1589695200,42.187,42.187,0
120,6,BANC,CISO,1591012800,42.378,42.378,0
120,6,BANC,CISO,1592330400,40.383,40.383,0
120,6,BANC,CISO,1593648000,37.688,37.688,0
120,6,BANC,CISO,1594965600,55.204,55.204,0
120,6,BANC,CISO,1596283200,56.684,56.684,0
120,6,BANC,CISO,1597600800,78.197,78.197,0
120,6,BANC,CISO,1598918400,75.022,75.022,0
120,6,BANC,CISO,1600236000,80.174,80.174,0
120,6,BANC,CISO,1601553600,81.036,81.036,0
120,6,BANC,CISO,1602871200,74.249,74.249,0
120,6,BANC,CISO,1604188800,87.09,87.09,0
120,6,BANC,CISO,1605506400,93.475,93.475,0
120,6,BANC,CISO,1606824000,108.643,108.643,0
120,6,BANC,CISO,1608141600,91.972,91.972,0
120,2,CISO,BANC,1577836800,99.352,150.855,3
120,2,CISO,BANC,1579154400,93.996,147.439,1
120,2,CISO,BANC,1580472000,66.174,123.407,1
120,2,CISO,BANC,1581789600,89.697,135.647,7
120,2,CISO,BANC,1583107200,67.427,120.048,3
120,2,CISO,BANC,1584424800,95.647,141.612,1
120,2,CISO,BANC,1585742400,59.763,89.078,3
120,2,CISO,BANC,1587060000,36.376,82.241,1
120,2,CISO,BANC,1588377600,57.632,70.434,5
120,2,CISO,BANC,1589695200,65.324,78.348,6
120,2,CISO,BANC,1591012800,49.36,99.409,1
120,2,CISO,BANC,1592330400,50.581,73.619,3
120,2,CISO,BANC,1593648000,48.925,85.411,3
120,2,CISO,BANC,1594965600,89.595,112.713,6
120,2,CISO,BANC,1596283200,96.205,114.835,7
120,2,CISO,BANC,1597600800,86.217,132.105,1
120,2,CISO,BANC,1598918400,110.115,135.604,5
120,2,CISO,BANC,1600236000,90.766,132.825,1
120,2,CISO,BANC,1601553600,91.596,135.594,1
120,2,CISO,BANC,1602871200,82.369,145.373,1
120,2,CISO,BANC,1604188800,109.48,163.232,3
120,2,CISO,BANC,1605506400,139.463,150.483,5
120,2,CISO,BANC,1606824000,168.657,153.879,7
120,2,CISO,BANC,1608141600,144.69,155.775,7
120,6,CISO,BANC,1577836800,86.957,136.984,1
120,6,CISO,BANC,1579154400,93.996,147.439,1
120,6,CISO,BANC,1580472000,66.174,123.407,1
120,6,CISO,BANC,1581789600,58.289,106.124,1
120,6,CISO,BANC,1583107200,58.568,108.396,1
120,6,CISO,BANC,1584424800,95.647,141.612,1
120,6,CISO,BANC,1585742400,51.431,83.754,1
120,6,CISO,BANC,1587060000,36.376,82.241,1
120,6,CISO,BANC,1588377600,45.975,58.067,1
120,6,CISO,BANC,1589695200,48.86,65.806,1
120,6,CISO,BANC,1591012800,49.36,99.409,1
120,6,CISO,BANC,1592330400,42.949,68.483,1
120,6,CISO,BANC,1593648000,42.501,76.823,1
120,6,CISO,BANC,1594965600,62.998,95.128,1
120,6,CISO,BANC,1596283200,64.564,96.285,1
120,6,CISO,BANC,1597600800,86.217,132.105,1
120,6,CISO,BANC,1598918400,82.411,114.727,1
120,6,CISO,BANC,1600236000,90.766,132.825,1
120,6,CISO,BANC,1601553600,91.596,135.594,1
120,6,CISO,BANC,1602871200,82.369,145.373,1
120,6,CISO,BANC,1604188800,96.335,149.845,1
120,6,CISO,BANC,1605506400,105.648,129.055,1
120,6,CISO,BANC,1606824000,119.536,127.209,1
120,6,CISO,BANC,1608141600,99.87,124.225,1
180,2,BANC,CISO,1577836800,95.246,84.553,2
180,2,BANC,CISO,1579154400,81.548,81.548,0
180,2,BANC,CISO,1580472000,55.83,55.83,0
180,2,BANC,CISO,1581789600,102.453,75.933,6
180,2,BANC,CISO,1583107200,65.885,57.909,2
180,2,BANC,CISO,1584424800,83.316,83.316,0
180,2,BANC,CISO,1585742400,56.393,49.58,2
180,2,BANC,CISO,1587060000,33.313,33.313,0
180,2,BANC,CISO,1588377600,87.353,63.084,8
180,2,BANC,CISO,1589695200,68.38,58.856,5
180,2,BANC,CISO,1591012800,42.378,42.378,0
180,2,BANC,CISO,1592330400,63.095,52.671,4
180,2,BANC,CISO,1593648000,47.521,42.287,2
180,2,BANC,CISO,1594965600,94.511,75.596,5
180,2,BANC,CISO,1596283200,103.623,79.25,6
180,2,BANC,CISO,1597600800,78.197,78.197,0
180,2,BANC,CISO,1598918400,116.766,95.197,4
180,2,BANC,CISO,1600236000,80.174,80.174,0
180,2,BANC,CISO,1601553600,81.036,81.036,0
180,2,BANC,CISO,1602871200,74.249,74.249,0
180,2,BANC,CISO,1604188800,106.978,93.899,2
180,2,BANC,CISO,1605506400,155.995,125.443,5
180,2,BANC,CISO,1606824000,186.203,148.626,6
180,2,BANC,CISO,1608141600,161.691,119.057,6
180,6,BANC,CISO,1577836800,76.253,76.253,0
180,6,BANC,CISO,1579154400,81.548,81.548,0
180,6,BANC,CISO,1580472000,55.83,55.83,0
180,6,BANC,CISO,1581789600,52.267,52.267,0
180,6,BANC,CISO,1583107200,52.43,52.43,0
180,6,BANC,CISO,1584424800,83.316,83.316,0
180,6,BANC,CISO,1585742400,44.33,44.33,0
180,6,BANC,CISO,1587060000,33.313,33.313,0
180,6,BANC,CISO,1588377600,42.749,42.749,0
180,6,BANC,CISO,1589695200,42.187,42.187,0
180,6,BANC,CISO,1591012800,42.378,42.378,0
180,6,BANC,CISO,1592330400,40.383,40.383,0
180,6,BANC,CISO,1593648000,37.688,37.688,0
180,6,BANC,CISO,1594965600,55.204,55.204,0
180,6,BANC,CISO,1596283200,56.684,56.684,0
180,6,BANC,CISO,1597600800,78.197,78.197,0
180,6,BANC,CISO,1598918400,75.022,75.022,0
180,6,BANC,CISO,1600236000,80.174,80.174,0
180,6,BANC,CISO,1601553600,81.036,81.036,0
180,6,BANC,CISO,1602871200,74.249,74.249,0
180,6,BANC,CISO,1604188800,87.09,87.09,0
180,6,BANC,CISO,1605506400,93.475,93.475,0
180,6,BANC,CISO,1606824000,108.643,108.643,0
180,6,BANC,CISO,1608141600,91.972,91.972,0
180,2,CISO,BANC,1577836800,111.844,161.541,3
180,2,CISO,BANC,1579154400,99.438,150.99,1
180,2,CISO,BANC,1580472000,70.432,126.163,1
180,2,CISO,BANC,1581789600,111.235,157.927,7
180,2,CISO,BANC,1583107200,75.47,128.87,3
180,2,CISO,BANC,1584424800,100.941,144.663,1
180,2,CISO,BANC,1585742400,79.645,100.023,5
180,2,CISO,BANC,1587060000,37.859,83.004,1
180,2,CISO,BANC,1588377600,67.444,77.531,5
180,2,CISO,BANC,1589695200,83.307,86.899,7
180,2,CISO,BANC,1591012800,52.295,101.265,1
180,2,CISO,BANC,1592330400,56.746,78.925,3
180,2,CISO,BANC,1593648000,54.629,91.181,3
180,2,CISO,BANC,1594965600,113.1,126.478,7
180,2,CISO,BANC,1596283200,115.305,130.916,7
180,2,CISO,BANC,1597600800,90.026,134.579,1
180,2,CISO,BANC,1598918400,129.809,148.394,5
180,2,CISO,BANC,1600236000,95.378,135.669,1
180,2,CISO,BANC,1601553600,96.205,138.281,1
180,2,CISO,BANC,1602871200,86.215,147.123,1
180,2,CISO,BANC,1604188800,120.63,173.154,3
180,2,CISO,BANC,1605506400,171.407,163.961,6
180,2,CISO,BANC,1606824000,202.527,175.617,7
180,2,CISO,BANC,1608141600,176.479,175.381,7
180,6,CISO,BANC,1577836800,91.286,140.399,1
180,6,CISO,BANC,1579154400,99.438,150.99,1
180,6,CISO,BANC,1580472000,70.432,126.163,1
180,6,CISO,BANC,1581789600,61.284,107.401,1
180,6,CISO,BANC,1583107200,61.26,111.307,1
180,6,CISO,BANC,1584424800,100.941,144.663,1
180,6,CISO,BANC,1585742400,54.352,85.61,1
180,6,CISO,BANC,1587060000,37.859,83.004,1
180,6,CISO,BANC,1588377600,47.651,59.593,1
180,6,CISO,BANC,1589695200,51.72,67.236,1
180,6,CISO,BANC,1591012800,52.295,101.265,1
180,6,CISO,BANC,1592330400,44.637,69.642,1
180,6,CISO,BANC,1593648000,44.607,78.928,1
180,6,CISO,BANC,1594965600,66.477,97.406,1
180,6,CISO,BANC,1596283200,68.117,97.942,1
180,6,CISO,BANC,1597600800,90.026,134.579,1
180,6,CISO,BANC,1598918400,85.687,117.369,1
180,6,CISO,BANC,1600236000,95.378,135.669,1
180,6,CISO,BANC,1601553600,96.205,138.281,1
180,6,CISO,BANC,1602871200,86.215,147.123,1
180,6,CISO,BANC,1604188800,100.23,153.239,1
180,6,CISO,BANC,1605506400,110.986,131.75,1
180,6,CISO,BANC,1606824000,124.358,130.157,1
180,6,CISO,BANC,1608141600,103.632,125.937,1
240,2,BANC,CISO,1577836800,102.712,88.188,2
240,2,BANC,CISO,1579154400,81.548,81.548,0
240,2,BANC,CISO,1580472000,55.83,55.83,0
240,2,BANC,CISO,1581789600,125.841,85.192,6
240,2,BANC,CISO,1583107200,72.659,60.235,2
240,2,BANC,CISO,1584424800,83.316,83.316,0
240,2,BANC,CISO,1585742400,77.088,59.38,4
240,2,BANC,CISO,1587060000,33.313,33.313,0
240,2,BANC,CISO,1588377600,103.785,69.618,8
240,2,BANC,CISO,1589695200,85.739,68.002,6
240,2,BANC,CISO,1591012800,42.378,42.378,0
240,2,BANC,CISO,1592330400,71.81,57.568,4
240,2,BANC,CISO,1593648000,51.321,43.971,2
240,2,BANC,CISO,1594965600,117.688,86.007,6
240,2,BANC,CISO,1596283200,119.929,86.493,6
240,2,BANC,CISO,1597600800,78.197,78.197,0
240,2,BANC,CISO,1598918400,132.709,103.11,4
240,2,BANC,CISO,1600236000,80.174,80.174,0
240,2,BANC,CISO,1601553600,81.036,81.036,0
240,2,BANC,CISO,1602871200,74.249,74.249,0
240,2,BANC,CISO,1604188800,114.035,96.398,2
240,2,BANC,CISO,1605506400,194.057,143.165,6
240,2,BANC,CISO,1606824000,215.634,164.56,6
240,2,BANC,CISO,1608141600,186.235,127.601,6
240,6,BANC,CISO,1577836800,76.253,76.253,0
240,6,BANC,CISO,1579154400,81.548,81.548,0
240,6,BANC,CISO,1580472000,55.83,55.83,0
240,6,BANC,CISO,1581789600,52.267,52.267,0
240,6,BANC,CISO,1583107200,52.43,52.43,0
240,6,BANC,CISO,1584424800,83.316,83.316,0
240,6,BANC,CISO,1585742400,44.33,44.33,0
240,6,BANC,CISO,1587060000,33.313,33.313,0
240,6,BANC,CISO,1588377600,42.749,42.749,0
240,6,BANC,CISO,1589695200,42.187,42.187,0
240,6,BANC,CISO,1591012800,42.378,42.378,0
240,6,BANC,CISO,1592330400,40.383,40.383,0
240,6,BANC,CISO,1593648000,37.688,37.688,0
240,6,BANC,CISO,1594965600,55.204,55.204,0
240,6,BANC,CISO,1596283200,56.684,56.684,0
240,6,BANC,CISO,1597600800,78.197,78.197,0
240,6,BANC,CISO,1598918400,75.022,75.022,0
240,6,BANC,CISO,1600236000,80.174,80.174,0
240,6,BANC,CISO,1601553600,81.036,81.036,0
240,6,BANC,CISO,1602871200,74.249,74.249,0
240,6,BANC,CISO,1604188800,87.09,87.09,0
240,6,BANC,CISO,1605506400,93.475,93.475,0
240,6,BANC,CISO,1606824000,108.643,108.643,0
240,6,BANC,CISO,1608141600,91.972,91.972,0
240,2,CISO,BANC,1577836800,124.601,172.134,3
240,2,CISO,BANC,1579154400,104.935,154.524,1
240,2,CISO,BANC,1580472000,74.846,128.857,1
240,2,CISO,BANC,1581789600,106.123,154.602,5
240,2,CISO,BANC,1583107200,84.959,137.523,3
240,2,CISO,BANC,1584424800,106.244,147.745,1
240,2,CISO,BANC,1585742400,91.166,109.953,5
240,2,CISO,BANC,1587060000,39.358,83.791,1
240,2,CISO,BANC,1588377600,91.819,92.599,7
240,2,CISO,BANC,1589695200,97.607,97.033,7
240,2,CISO,BANC,1591012800,55.288,102.903,1
240,2,CISO,BANC,1592330400,62.867,85.603,3
240,2,CISO,BANC,1593648000,60.407,96.018,3
240,2,CISO,BANC,1594965600,132.698,142.31,7
240,2,CISO,BANC,1596283200,136.498,143.672,7
240,2,CISO,BANC,1597600800,93.716,137.052,1
240,2,CISO,BANC,1598918400,179.191,177.048,7
240,2,CISO,BANC,1600236000,100.02,138.508,1
240,2,CISO,BANC,1601553600,101.034,140.582,1
240,2,CISO,BANC,1602871200,90.103,148.958,1
240,2,CISO,BANC,1604188800,131.944,182.956,3
240,2,CISO,BANC,1605506400,216.712,189.14,7
240,2,CISO,BANC,1606824000,236.392,196.425,7
240,2,CISO,BANC,1608141600,234.255,209.503,9
240,6,CISO,BANC,1577836800,95.645,143.797,1
240,6,CISO,BANC,1579154400,104.935,154.524,1
240,6,CISO,BANC,1580472000,74.846,128.857,1
240,6,CISO,BANC,1581789600,64.295,108.751,1
240,6,CISO,BANC,1583107200,63.942,114.206,1
240,6,CISO,BANC,1584424800,106.244,147.745,1
240,6,CISO,BANC,1585742400,57.405,86.887,1
240,6,CISO,BANC,1587060000,39.358,83.791,1
240,6,CISO,BANC,1588377600,49.313,61.271,1
240,6,CISO,BANC,1589695200,54.601,68.678,1
240,6,CISO,BANC,1591012800,55.288,102.903,1
240,6,CISO,BANC,1592330400,46.384,70.906,1
240,6,CISO,BANC,1593648000,46.726,81.107,1
240,6,CISO,BANC,1594965600,69.92,99.605,1
240,6,CISO,BANC,1596283200,71.701,99.287,1
240,6,CISO,BANC,1597600800,93.716,137.052,1
240,6,CISO,BANC,1598918400,89.033,119.988,1
240,6,CISO,BANC,1600236000,100.02,138.508,1
240,6,CISO,BANC,1601553600,101.034,140.582,1
240,6,CISO,BANC,1602871200,90.103,148.958,1
240,6,CISO,BANC,1604188800,104.203,156.594,1
240,6,CISO,BANC,1605506400,116.27,134.389,1
240,6,CISO,BANC,1606824000,126.013,132.81,1
240,6,CISO,BANC,1608141600,107.511,127.714,1
360,2,BANC,CISO,1577836800,122.068,95.983,2
360,2,BANC,CISO,1579154400,81.548,81.548,0
360,2,BANC,CISO,1580472000,55.83,55.83,0
360,2,BANC,CISO,1581789600,170.143,100.812,6
360,2,BANC,CISO,1583107200,92.344,64.586,2
360,2,BANC,CISO,1584424800,83.316,83.316,0
360,2,BANC,CISO,1585742400,95.023,67.812,4
360,2,BANC,CISO,1587060000,33.313,33.313,0
360,2,BANC,CISO,1588377600,160.694,91.826,10
360,2,BANC,CISO,1589695200,120.793,84.568,7
360,2,BANC,CISO,1591012800,42.378,42.378,0
360,2,BANC,CISO,1592330400,118.24,81.436,6
360,2,BANC,CISO,1593648000,59.385,47.006,2
360,2,BANC,CISO,1594965600,189.897,117.029,8
360,2,BANC,CISO,1596283200,189.916,115.839,8
360,2,BANC,CISO,1597600800,78.197,78.197,0
360,2,BANC,CISO,1598918400,215.321,140.49,6
360,2,BANC,CISO,1600236000,80.174,80.174,0
360,2,BANC,CISO,1601553600,81.036,81.036,0
360,2,BANC,CISO,1602871200,74.249,74.249,0
360,2,BANC,CISO,1604188800,128.353,101.602,2
360,2,BANC,CISO,1605506400,265.976,179.924,7
360,2,BANC,CISO,1606824000,326.736,220.982,8
360,2,BANC,CISO,1608141600,288.068,161.976,8
360,6,BANC,CISO,1577836800,76.253,76.253,0
360,6,BANC,CISO,1579154400,81.548,81.548,0
360,6,BANC,CISO,1580472000,55.83,55.83,0
360,6,BANC,CISO,1581789600,52.267,52.267,0
360,6,BANC,CISO,1583107200,52.43,52.43,0
360,6,BANC,CISO,1584424800,83.316,83.316,0
360,6,BANC,CISO,1585742400,44.33,44.33,0
360,6,BANC,CISO,1587060000,33.313,33.313,0
360,6,BANC,CISO,1588377600,42.749,42.749,0
360,6,BANC,CISO,1589695200,42.187,42.187,0
360,6,BANC,CISO,1591012800,42.378,42.378,0
360,6,BANC,CISO,1592330400,40.383,40.383,0
360,6,BANC,CISO,1593648000,37.688,37.688,0
360,6,BANC,CISO,1594965600,55.204,55.204,0
360,6,BANC,CISO,1596283200,56.684,56.684,0
360,6,BANC,CISO,1597600800,78.197,78.197,0
360,6,BANC,CISO,1598918400,75.022,75.022,0
360,6,BANC,CISO,1600236000,80.174,80.174,0
360,6,BANC,CISO,1601553600,81.036,81.036,0
360,6,BANC,CISO,1602871200,74.249,74.249,0
360,6,BANC,CISO,1604188800,87.09,87.09,0
360,6,BANC,CISO,1605506400,93.475,93.475,0
360,6,BANC,CISO,1606824000,108.643,108.643,0
360,6,BANC,CISO,1608141600,91.972,91.972,0
360,2,CISO,BANC,1577836800,152.802,191.325,3
360,2,CISO,BANC,1579154400,115.614,161.562,1
360,2,CISO,BANC,1580472000,83.844,132.315,1
360,2,CISO,BANC,1581789600,139.761,175.875,5
360,2,CISO,BANC,1583107200,110.652,151.996,3
360,2,CISO,BANC,1584424800,116.965,154.092,1
360,2,CISO,BANC,1585742400,141.044,146.648,7
360,2,CISO,BANC,1587060000,42.449,85.499,1
360,2,CISO,BANC,1588377600,142.862,133.872,9
360,2,CISO,BANC,1589695200,148.621,128.632,9
360,2,CISO,BANC,1591012800,61.3,105.873,1
360,2,CISO,BANC,1592330400,75.834,97.173,3
360,2,CISO,BANC,1593648000,95.576,119.054,5
360,2,CISO,BANC,1594965600,210.906,192.188,9
360,2,CISO,BANC,1596283200,176.656,167.256,7
360,2,CISO,BANC,1597600800,101.054,142.283,1
360,2,CISO,BANC,1598918400,289.153,245.169,9
360,2,CISO,BANC,1600236000,109.253,144.207,1
360,2,CISO,BANC,1601553600,110.742,144.536,1
360,2,CISO,BANC,1602871200,97.74,153.058,1
360,2,CISO,BANC,1604188800,154.183,199.775,3
360,2,CISO,BANC,1605506400,330.66,249.203,9
360,2,CISO,BANC,1606824000,384.328,275.915,10
360,2,CISO,BANC,1608141600,258.401,226.03,7
360,6,CISO,BANC,1577836800,104.804,150.855,1
360,6,CISO,BANC,1579154400,115.614,161.562,1
360,6,CISO,BANC,1580472000,83.844,132.315,1
360,6,CISO,BANC,1581789600,70.068,111.669,1
360,6,CISO,BANC,1583107200,69.572,120.048,1
360,6,CISO,BANC,1584424800,116.965,154.092,1
360,6,CISO,BANC,1585742400,63.828,89.078,1
360,6,CISO,BANC,1587060000,42.449,85.499,1
360,6,CISO,BANC,1588377600,52.751,64.556,1
360,6,CISO,BANC,1589695200,60.331,71.557,1
360,6,CISO,BANC,1591012800,61.3,105.873,1
360,6,CISO,BANC,1592330400,49.974,73.619,1
360,6,CISO,BANC,1593648000,51.081,85.411,1
360,6,CISO,BANC,1594965600,76.77,103.828,1
360,6,CISO,BANC,1596283200,78.952,101.712,1
360,6,CISO,BANC,1597600800,101.054,142.283,1
360,6,CISO,BANC,1598918400,96.44,125.298,1
360,6,CISO,BANC,1600236000,109.253,144.207,1
360,6,CISO,BANC,1601553600,110.742,144.536,1
360,6,CISO,BANC,1602871200,97.74,153.058,1
360,6,CISO,BANC,1604188800,112.251,163.232,1
360,6,CISO,BANC,1605506400,126.9,139.681,1
360,6,CISO,BANC,1606824000,121.375,121.375,0
360,6,CISO,BANC,1608141600,114.894,131.806,1
